IXP_Country_ISO_Alpha2,IXPDB_ID,PCH_ID,PeeringDB_ID,IXP_name,IXP_City,IXP_region_continent,Date_Creation_IXP,IXP_Website,IXP_Url_Stats,URL_stats_comments,Date_check_Stats
US,148,345,13,SIX Seattle,Seattle,North America,2010-07-29T00:00:00Z,https://www.seattleix.net/,https://www.seattleix.net/statistics/,OK,2019/7/11
US,138,320,14,NYIIX,New York,North America,2010-07-29T00:00:00Z,https://www.nyiix.net/locations/nyiix-new-york/,https://www.nyiix.net/mrtg/sum.html,OK,2019/7/11
GB,1,0,18,LINX LON1,London,Europe,2010-07-29T00:00:00Z,https://www.linx.net/,https://stats.linx.net/,OK,2019/7/11
AU,108,9,21,IX Australia WA,Perth/WA,Australia,2010-07-29T00:00:00Z,http://www.ix.asn.au,https://metrics.ix.asn.au,OK (Grafana home page linked to IX aggregates Overview and Peers),2019/7/11
US,137,297,23,NYIIX Los Angeles,Los Angeles,North America,2010-07-29T00:00:00Z,https://www.nyiix.net/locations/nyiix-la/,https://www.nyiix.net/LA-mrtg/sum.html,OK,2019/7/11
CA,163,39,24,TorIX,Toronto,North America,2010-07-29T00:00:00Z,https://www.torix.ca/,https://www.torix.ca/traffic-statistics/,OK,2019/7/11
NL,2,160,26,AMS-IX,Amsterdam,Europe,2010-07-29T00:00:00Z,http://www.ams-ix.net/,https://www.ams-ix.net/statistics/,Not OK (traffic data graphs available at https://www.ams-ix.net/ams/documentation/total-stats),2019/7/11
CH,22,236,29,Equinix Zurich,Zurich,Europe,2010-07-29T00:00:00Z,https://www.equinix.ch/services/interconnection-connectivity/internet-exchange/,https://ix.equinix.com/,Not OK (No graph),2019/7/11
JP,44,JPIX,30,JPIX TOKYO,Tokyo,Asia Pacific,2010-07-29T00:00:00Z,https://www.jpix.ad.jp/en/,https://www.jpix.ad.jp/en/technical_traffic.php,OK,2019/7/11
DE,9,83,31,DE-CIX Frankfurt,Frankfurt,Europe,2010-07-29T00:00:00Z,https://fra.de-cix.net,https://www.de-cix.net/en/locations/germany/frankfurt/statistics,OK,2019/7/11
CH,7,231,33,CIXP,Geneva,Europe,2010-07-29T00:00:00Z,http://www.cixp.net/,http://cixp.net/technical/members-traffic,OK,2019/7/11
IT,8,118,35,MIX-IT,Milan,Europe,2010-07-29T00:00:00Z,https://www.mix-it.net/,http://www.mix-it.net/statistics/cgi-bin/14all-Totale_globale.cgi?log=totaltraffic_global,OK,2019/7/11
FR,None,77,40,PARIX,Paris,Europe,2010-07-29T00:00:00Z,http://www.parix.net/,http://www.parix.net/cgi-bin/mrtg-rrd.cgi/giga.parix.net_total.html,Not OK (connection time out),2019/7/11
US,None,885,41,NYCX,New York,North America,2010-07-29T00:00:00Z,http://www.nycx.net/,http://www.nycx.net/index.php?page=Traffic,Not OK (name not resolved),2019/7/11
HK,110,96,42,HKIX,Hong Kong,Asia Pacific,2010-07-29T00:00:00Z,https://www.hkix.net/,https://www.hkix.net/hkix/stat/aggt/hkix-aggregate.html,OK,2019/7/11
TW,113,238,43,TWIX,Taipei,Asia Pacific,2010-07-29T00:00:00Z,http://www.twix.net,http://www.twix.net/all_e.html,OK,2019/7/11
IE,20,0,48,INEX LAN1,Dublin,Europe,2010-07-29T00:00:00Z,https://www.inex.ie/,https://www.inex.ie/ixp/statistics/ixp,OK,2019/7/11
AT,3,15,50,VIX,Vienna,Europe,2010-07-29T00:00:00Z,http://www.vix.at,https://www.vix.at/vix_statistics.html,OK,2019/7/11
GB,18,64,53,LONAP,London,Europe,2010-07-29T00:00:00Z,https://www.lonap.net/,https://www.lonap.net/bandwidth.shtml,OK,2019/7/11
HU,55,99,55,BiX,Budapest,Europe,2010-07-29T00:00:00Z,http://bix.hu/en,http://bix.hu/en/statistics,OK (Links to member traffic graphs),2019/7/11
BE,4,17,59,BNIX,Brussels,Europe,2010-07-29T00:00:00Z,https://www.bnix.net,https://bnix.net/en/content/figures,Not OK (No graph),2019/7/11
CH,34,234,60,SwissIX,Zurich,Europe,2010-07-29T00:00:00Z,https://www.swissix.ch/,https://www.swissix.net/infrastructure/traffic,OK,2019/7/11
ES,11,211,62,CATNIX,Barcelona,Europe,2010-07-29T00:00:00Z,http://www.catnix.net,http://www.catnix.net/en/statistics/,OK,2019/7/11
ES,62,ESPANIX,63,ESPANIX Madrid Lower LAN,Madrid,Europe,2010-07-29T00:00:00Z,http://www.espanix.net,http://stats.espanix.net/,OK,2019/7/11
NL,27,572,64,NL-ix,Amsterdam,Europe,2010-07-29T00:00:00Z,https://www.nl-ix.net/,https://www.nl-ix.net/traffic.php,OK,2019/7/11
FR,31,71,69,LyonIX,Lyon,Europe,2010-07-29T00:00:00Z,http://www.lyonix.net/,http://noc.rezopole.net/,OK,2019/7/11
SE,5,227,70,Netnod Stockholm,Stockholm,Europe,2010-07-29T00:00:00Z,http://www.netnod.se,http://www.netnod.se/ix/statistics/,OK,2019/7/11
CZ,15,55,71,NIX.CZ,Prague,Europe,2010-07-29T00:00:00Z,http://www.nix.cz/,https://www.nix.cz/en/port/mrtg2/nix-all,OK,2019/7/11
PT,10,186,72,GigaPIX,Lisbon,Europe,2010-07-29T00:00:00Z,http://www.gigapix.pt,https://gigapix.pt/pt/informacao-tecnica/estatisticas-de-trafego/,OK,2019/7/11
DE,77,89,73,ECIX-MUC / INXS by ecix,Munich,Europe,2010-07-29T00:00:00Z,https://www.ecix.net,https://www.ecix.net/infrastructure/statistics,OK (should click the link),2019/7/11
DE,47,0,74,DE-CIX Hamburg,Hamburg,Europe,2010-07-29T00:00:00Z,https://ham.de-cix.net,https://www.de-cix.net/locations/germany/hamburg/statistics,OK,2019/7/11
DK,29,56,78,DIX,Copenhagen,Europe,2010-07-29T00:00:00Z,http://www.dix.dk/,http://www.dix.dk/,OK,2019/7/11
NO,19,174,83,NIX1,Oslo,Europe,2010-07-29T00:00:00Z,https://www.nix.no,https://www.nix.no/statistics/,OK,2019/7/11
SK,89,204,84,SIX.SK,Bratislava,Europe,2010-07-29T00:00:00Z,http://www.six.sk,http://www.six.sk/stats,OK,2019/7/11
DE,21,80,87,BCIX,Berlin,Europe,2010-07-29T00:00:00Z,https://www.bcix.de/,https://www.bcix.de/bcix/traffic/,OK,2019/7/11
US,267,303,89,MadIX,Madison,North America,2010-07-29T00:00:00Z,http://kb.wisc.edu/ns/page.php?id=6636,http://stats.net.wisc.edu/madix.html,OK,2019/7/11
DE,340,82,91,ECIX-DUS,Duesseldorf,Europe,2010-07-29T00:00:00Z,https://www.ecix.net/,https://www.ecix.net/infrastructure/statistics,OK (should click the link),2019/7/11
JP,441,134,92,DIX-IE,Tokyo,Asia Pacific,2010-07-29T00:00:00Z,http://nspixp.wide.ad.jp/,http://nspixp.wide.ad.jp/2/,Not OK (requested URL not found on the server),2019/7/11
JP,42,0,95,JPNAP Tokyo,Tokyo,Asia Pacific,2010-07-29T00:00:00Z,https://www.jpnap.net/en/,https://www.jpnap.net/en/tokyo/traffic.html,OK,2019/7/11
PL,85,185,96,WIX,Warsaw,Europe,2010-07-29T00:00:00Z,http://www.wix.net.pl/,http://www.wix.net.pl/vxb/w/index.asp?statystyki_x=statystyki,Not OK (requested URL not found on the server),2019/7/11
FI,23,69,98,FICIX 2 (Helsinki),Helsinki,Europe,2010-07-29T00:00:00Z,https://www.ficix.fi/,https://stats-ficix.basen.com/#/page?name=StatsWelcome&source=wiki,OK,2019/7/11
RU,13,191,100,MSK-IX Moscow,Moscow,Europe,2010-07-29T00:00:00Z,http://www.msk-ix.ru/en,http://www.msk-ix.ru/en/traffic,OK,2019/7/11
RU,87,195,107,MSK-IX Saint-Petersburg,St.Petersburg,Europe,2010-07-29T00:00:00Z,http://www.msk-ix.ru/en/ix/spb,http://www.msk-ix.ru/en/traffic/,OK,2019/7/11
IT,14,121,115,TOP-IX,Turin,Europe,2010-07-29T00:00:00Z,http://www.top-ix.org,http://www.top-ix.org/traffic-summary,OK,2019/7/11
BR,215,29,119,Equinix S??o Paulo,S??o Paulo,South America,2010-07-29T00:00:00Z,https://www.equinix.com,https://ix.equinix.com,Not OK (No graph),2019/7/11
IT,17,120,121,NaMeX Rome IXP,Rome,Europe,2010-07-29T00:00:00Z,https://www.namex.it,https://www.namex.it/statistics,OK,2019/7/11
DE,78,556,123,KleyReX,Frankfurt,Europe,2010-07-29T00:00:00Z,http://www.kleyrex.net/,http://www.kleyrex.net/stats.html,Not OK (need to login),2019/7/11
US,256,286,127,Oregon Internet Exchange (OIX),Eugene  Oregon,North America,2010-07-29T00:00:00Z,http://www.oregon-ix.net/,http://www.oregon-ix.net/stat-frme.html,Not OK (requested URL not found on the server),2019/7/11
JP,120,126,145,JPNAP Osaka,Osaka,Asia Pacific,2010-07-29T00:00:00Z,https://www.jpnap.net/en/,https://www.jpnap.net/en/osaka/traffic.html,OK,2019/7/11
BR,791,30,171,IX.br (PTT.br) S??o Paulo,S??o Paulo/SP,South America,2010-12-11T00:00:00Z,http://ix.br,http://ix.br/trafego/agregado/sp,OK,2019/7/11
SE,144,627,172,STHIX - Stockholm,Stockholm,Europe,2010-07-29T00:00:00Z,http://www.sthix.net/,http://www.sthix.net/,OK,2019/7/11
BR,158,1092,173,IX.br (PTT.br) Porto Alegre,Porto Alegre/RS,South America,2010-12-11T00:00:00Z,http://ix.br,http://ix.br/trafego/agregado/rs,OK,2019/7/11
BR,156,1832,174,IX.br (PTT.br) Curitiba,Curitiba/PR,South America,2010-12-11T00:00:00Z,http://ix.br,http://ix.br/trafego/agregado/pr,OK,2019/7/11
BR,157,22,175,IX.br (PTT.br) Florian¨®polis,Florian¨®polis/SC,South America,2010-12-11T00:00:00Z,http://ix.br,http://ix.br/trafego/agregado/sc,OK,2019/7/11
BR,154,19,176,IX.br (PTT.br) Belo Horizonte,Belo Horizonte/MG,South America,2010-12-11T00:00:00Z,http://ix.br,http://ix.br/trafego/agregado/mg,OK,2019/7/11
BR,159,415,177,IX.br (PTT.br) Rio de Janeiro,Rio de Janeiro/RJ,South America,2010-12-11T00:00:00Z,http://ix.br/,http://ix.br/trafego/agregado/rj,OK,2019/7/11
BR,155,20,178,IX.br (PTT.br) Bras¨ªlia,Bras¨ªlia/DF,South America,2010-12-11T00:00:00Z,http://ix.br,http://ix.br/trafego/agregado/df,OK,2019/7/11
UA,48,249,184,UA-IX,Kiev,Europe,2010-07-29T00:00:00Z,http://www.ua-ix.net.ua/en,http://www.ix.net.ua/pro-kompaniyu/statystyka,OK,2019/7/11
SE,100,222,192,Netnod Gothenburg,Gothenburg,Europe,2010-07-29T00:00:00Z,http://www.netnod.se,http://www.netnod.se/ix/statistics/,OK,2019/7/11
DK,294,0,193,Netnod Copenhagen,Malmo / Copenhagen,Europe,2010-07-29T00:00:00Z,http://www.netnod.se,http://www.netnod.se/ix/statistics/,OK,2019/7/11
SE,102,229,194,Netnod Sundsvall,Sundsvall,Europe,2010-07-29T00:00:00Z,http://www.netnod.se,http://www.netnod.se/ix/statistics/,OK,2019/7/11
DE,30,81,209,ECIX-BER,Berlin,Europe,2010-07-29T00:00:00Z,https://www.ecix.net/,https://www.ecix.net/infrastructure/statistics,OK (should click the link),2019/7/11
ID,111,110,210,IIX-Jakarta,Jakarta,Asia Pacific,2010-07-29T00:00:00Z,http://www.iix.net.id,http://mrtg.iix.net.id,OK (should click the link),2019/7/11
RU,86,192,223,MSK-IX Novosibirsk,Novosibirsk,Asia Pacific,2010-07-29T00:00:00Z,http://www.msk-ix.ru/en/ix/nsk,http://www.msk-ix.ru/en/traffic,OK,2019/7/11
IS,33,100,228,RIX,Reykjavik,Europe,2010-07-29T00:00:00Z,https://www.rix.is/,https://www.rix.is/english/statistics.html,OK,2019/7/11
PL,151,0,230,POZIX,Poznan,Europe,2010-07-29T00:00:00Z,http://www.pozix.pl/,https://www.pozix.pl/#statystyki,OK,2019/7/11
SE,106,879,231,MalmIX Malmo / IXOR,Malm??,Europe,2010-07-29T00:00:00Z,http://www.ixor.se,http://www.ixor.se/statistics/,Not OK (404 Page not found),2019/7/11
US,149,925,239,ChIX,Chicago,North America,2010-07-29T00:00:00Z,https://unitedix.net/location/chicago,https://unitedix.net/location/chicago/networks,OK,2019/7/11
NP,53,159,241,npIX PTS,Kathmandu,Asia Pacific,2010-07-29T00:00:00Z,http://www.npix.net.np/,http://www.npix.net.np/graph,OK,2019/7/11
DE,54,0,248,DE-CIX Munich,Munich,Europe,2010-07-29T00:00:00Z,https://muc.de-cix.net,https://www.de-cix.net/locations/germany/munich/statistics,OK,2019/7/11
CO,69,0,252,NAP Colombia,Bogota,South America,2010-12-11T00:00:00Z,http://nap.co,http://nap.co/html/estadisticas.php,OK,2019/7/11
FR,39,1097,255,Equinix Paris,Paris,Europe,2010-07-29T00:00:00Z,https://www.equinix-ix.fr/,https://ix.equinix.com/,Not OK (No graph),2019/7/11
SE,145,225,257,Netnod Lulea,Lulea,Europe,2010-07-29T00:00:00Z,http://www.netnod.se,http://www.netnod.se/ix/statistics/,OK,2019/7/11
PL,36,509,264,Equinix Warsaw (PLIX),Warsaw,Europe,2010-07-29T00:00:00Z,http://www.plix.pl/,http://www.plix.pl/en/network/statistic,Not OK (No graph),2019/7/11
RO,37,804,270,InterLAN,Bucharest  Arad  Cluj-Napoca  Constanta  Craiova  Iasi  Suceava  Timisoara,Europe,2010-07-29T00:00:00Z,https://www.interlan.ro/en/,https://ixpm.interlan.ro/statistics/ixp,OK,2019/7/11
EG,206,59,274,CAIX,Cairo,Middle East,2010-07-29T00:00:00Z,http://www.caix.net.eg/,http://www.caix.net.eg/index.php/technical-info/traffic-statistics,OK,2019/7/11
DE,341,1052,291,ECIX-HAM,Hamburg,Europe,2010-07-29T00:00:00Z,https://www.ecix.net/,https://www.ecix.net/infrastructure/statistics,OK (should click the link),2019/7/11
NO,99,1506,298,NIX2,Oslo,Europe,2010-07-29T00:00:00Z,https://www.nix.no/,https://www.nix.no/statistics/,OK,2019/7/11
RO,16,189,301,RoNIX,Bucharest,Europe,2010-07-29T00:00:00Z,https://anisp.ro/,https://ronix.ro/,Not OK (No graph),2019/7/11
HR,28,51,303,CIX,Zagreb,Europe,2010-07-29T00:00:00Z,http://www.cix.hr/,http://www.cix.hr/en/about-cix/traffic-statistics/traffic-summary,OK,2019/7/11
IT,38,1128,311,VSIX,Padova,Europe,2010-07-29T00:00:00Z,http://www.vsix.it/,https://www.vsix.it/en/support/statistics.htm,OK,2019/7/11
NL,146,803,313,R_iX,Rotterdam,Europe,2010-07-29T00:00:00Z,https://www.r-ix.nl,https://www.r-ix.nl/#Traffic,OK,2019/7/11
BR,214,1088,314,IX.br (PTT.br) Londrina,Londrina/PR,South America,2010-07-29T00:00:00Z,http://ix.br,http://ix.br/trafego/agregado/lda,OK,2019/7/11
SI,25,205,319,SIX SI,Ljubljana,Europe,2010-07-29T00:00:00Z,https://www.arnes.si/infrastructure/six-slovenian-internet-exchange/,https://www.arnes.si/infrastructure/six-slovenian-internet-exchange/six-traffic/,OK,2019/7/11
GB,600,0,321,LINX LON2,London,Europe,2010-07-29T00:00:00Z,http://www.linx.net/,https://stats.linx.net/,OK,2019/7/11
BG,197,1194,326,B-IX,Sofia,Europe,2010-07-29T00:00:00Z,http://www.b-ix.net/,http://www.b-ix.net/technical/statistics/,OK,2019/7/11
UA,198,1240,327,DTEL-IX,Kiev,Europe,2010-07-29T00:00:00Z,https://dtel-ix.net/en/,https://dtel-ix.net/en/st,OK,2019/7/11
FI,46,70,328,TREX,Tampere,Europe,2010-07-29T00:00:00Z,http://www.trex.fi/,https://stats-trex.basen.com/,OK,2019/7/11
BG,40,1137,331,BIX.BG,Sofia,Europe,2010-07-29T00:00:00Z,http://www.bix.bg/,http://www.bix.bg/en/technical_information/traffic_statistics.html,OK,2019/7/11
GR,752,94,347,GR-IX::Athens,Athens,Europe,2010-07-29T00:00:00Z,http://www.gr-ix.gr/,http://www.gr-ix.gr/traffic/,OK,2019/7/11
RU,169,190,350,MSK-IX Ekaterinburg,Ekaterinburg,Asia Pacific,2010-07-29T00:00:00Z,http://www.msk-ix.ru/en/ix/ekt,http://www.msk-ix.ru/en/traffic,OK,2019/7/11
CA,266,QIX,355,QIX,Montreal,North America,2010-07-29T00:00:00Z,https://www.qix.ca/?lang=en,https://www.qix.ca/network?lang=en,OK,2019/7/11
RU,523,0,358,DATAIX,Frankfurt  Stockholm  Helsinki  Amsterdam  St.Petersburg  Moscow  Ekaterinburg  Ufa  Novosibirsk  Omsk  Khabarovsk Kiev  Kharkov  Odessa,Europe,2010-07-29T00:00:00Z,http://www.dataix.ru,http://graphs.dataix.ru/total.png,OK (just one single png graph),2019/7/11
FR,41,1124,359,France-IX Paris,Paris,Europe,2010-07-29T00:00:00Z,https://www.franceix.net,https://tools.franceix.net/pops,OK,2019/7/11
CW,61,988,366,AMS-IX Caribbean,Curacao,South America,2013-05-12T00:00:00Z,http://www.ams-ix.cw/,https://cw.ams-ix.net/technical--2/statistics,Not OK (traffic data graphs available at https://www.ams-ix.net/car/documentation/total-stats),2019/7/11
RO,291,1385,372,Balcan-IX,Bucharest,Europe,2010-07-29T00:00:00Z,http://www.balcan-ix.net,http://balcan-ix.net/new/en/traffic-statistics/,Not OK (404 Page not found but traffic data graphs available at http://www.balcan-ix.net/traffic-statistics/),2019/7/11
RU,170,1044,378,MSK-IX Vladivostok,Vladivostok,Asia Pacific,2010-07-29T00:00:00Z,http://www.msk-ix.ru/en/ix/vlv,http://www.msk-ix.ru/en/traffic,OK,2019/7/11
RU,88,193,379,MSK-IX Samara,Samara,Europe,2010-07-29T00:00:00Z,http://www.msk-ix.ru/en/ix/smr,http://www.msk-ix.ru/en/traffic,OK,2019/7/11
RU,178,1046,380,MSK-IX Rostov-on-Don,Rostov-on-Don,Europe,2010-07-29T00:00:00Z,http://www.msk-ix.ru/en/ix/rnd,http://www.msk-ix.ru/en/traffic/,OK,2019/7/11
LV,83,151,383,LIX-LV,Riga,Europe,2010-07-29T00:00:00Z,http://www.lix.lv,http://www.lix.lv/site/load,OK,2019/7/11
IE,645,0,387,INEX LAN2,Dublin,Europe,2010-07-29T00:00:00Z,https://www.inex.ie/,https://www.inex.ie/ixp/statistics/ixp,OK,2019/7/11
RU,275,1223,398,MSK-IX Kazan,Kazan,Europe,2010-07-29T00:00:00Z,http://www.msk-ix.ru/en/ix/kzn,http://www.msk-ix.ru/en/traffic/,OK,2019/7/11
BR,262,1199,415,IX.br (PTT.br) Campinas,Campinas/SP,South America,2010-07-31T00:00:00Z,http://ix.br,http://ix.br/trafego/agregado/cas,OK,2019/7/11
UG,96,248,422,UIXP,Kampala,Africa,2010-08-18T00:00:00Z,https://uixp.co.ug/,https://portal.uixp.co.ug/public-statistics/public,OK,2019/7/11
SG,371,1272,429,SGIX,Singapore,Asia Pacific,2010-09-10T00:00:00Z,https://www.sgix.sg,https://www.sgix.sg/traffic-statistics/,OK,2019/7/11
AT,348,14,430,GraX,Graz,Europe,2010-09-14T00:00:00Z,http://www.grax.at/,http://www.grax.at/traffic/,Not OK (totally blank),2019/7/11
GB,281,1232,435,IX Leeds,Leeds / Western Yorkshire,Europe,2010-09-21T00:00:00Z,http://ixleeds.net,http://ixleeds.net/graphs.php,Not OK (requested URL not found on the server),2019/7/11
US,335,1265,446,MICE,Minneapolis  MN,North America,2010-10-09T00:00:00Z,http://www.micemn.net,http://micelg.usinternet.com/export/,OK,2019/7/11
GU,472,1267,463,GU-IX,Guam,Asia Pacific,2010-12-09T00:00:00Z,http://www.gu-ix.net,http://www.gu-ix.net/stats/,Not OK (requested URL not found on the server),2019/7/11
PL,436,1645,474,EPIX.Warszawa-KIX,Warsaw,Europe,2011-01-15T00:00:00Z,http://www.epix.net.pl/,http://www.epix.net.pl/narzedzia/statystyki-epix/#epix-katowice-stats,Not OK (access to the site is limited for security reasons),2019/7/11
PL,346,918,481,Thinx,Warsaw,Europe,2011-02-06T00:00:00Z,http://www.atman.pl,https://portal.atman.pl/stats/acx.jsf,Not OK (need to login),2019/7/11
PL,401,1636,482,TPIX,Warsaw,Europe,2011-02-06T00:00:00Z,http://www.tpix.pl/en,http://www.tpix.pl/en/statystyki_en.html,OK,2019/7/11
NG,60,616,488,IXPN Lagos,Lagos,Africa,2011-03-03T00:00:00Z,http://www.ixp.net.ng,http://rt1.ixp.net.ng/mrtg/totalixpnlagos.html,Not OK (access to the site is blocked in accordance with company policy),2019/7/11
PL,548,0,491,EPIX.Katowice,Katowice/Silesia,Europe,2011-03-25T00:00:00Z,http://www.epix.net.pl/,http://www.epix.net.pl/narzedzia/statystyki-epix/#epix-katowice-stats,Not OK (access to the site is limited for security reasons),2019/7/11
FI,172,1515,492,FICIX 3 (Oulu),Oulu,Europe,2011-03-19T00:00:00Z,http://www.ficix.fi/,http://stats.ficix.fi/,Not OK (name not resolved),2019/7/11
US,418,1816,499,MKE-IX,Milwaukee,North America,2011-06-02T00:00:00Z,http://www.mkeix.net,http://www.mkeix.net/stats,Not OK (requested URL not found on the server),2019/7/11
RU,293,0,512,PIRIX,St.Petersburg,Europe,2011-05-12T00:00:00Z,http://www.pirix.ru,http://pirix.ru/statistics/,OK,2019/7/11
AU,393,8,513,IX Australia VIC,Melbourne/Victoria,Australia,2011-05-12T00:00:00Z,http://www.waia.asn.au,https://metrics.ix.asn.au,OK (Grafana home page linked to IX aggregates  Overview and Peers),2019/7/11
LT,None,1303,526,LIXP,Vilnius,Europe,2011-08-05T00:00:00Z,http://www.lixp.lt/en/,http://www.lixp.lt/en/network/stat,Not OK (No graph),2019/7/11
MZ,338,158,528,MOZIX,Maputo,Africa,2011-08-09T00:00:00Z,http://www.mozix.org.mz,http://www.mozix.org.mz/mrtg,Not OK (requested URL not found on the server),2019/7/11
LI,483,0,543,Rheintal IX,Eschen/LI  Feldkirch/AT  St. Gallen/CH,Europe,2011-12-06T00:00:00Z,http://www.rheintal-ix.net,http://www.rheintal-ix.net/traffic/,OK,2019/7/11
BR,160,1018,556,IX.br (PTT.br) Salvador,Salvador/BA,South America,2012-01-16T00:00:00Z,http://ix.br,http://ix.br/trafego/agregado/ba,OK,2019/7/11
BR,376,1441,558,IX.br (PTT.br) Caxias do Sul,Caxias do Sul/RS,South America,2012-01-24T00:00:00Z,http://ix.br,http://ix.br/trafego/agregado/cxj,OK,2019/7/11
SK,167,1521,559,SIX.SK Ko??ice,Ko??ice,Europe,2012-01-30T00:00:00Z,http://www.six.sk,http://www.six.sk/statske,OK,2019/7/11
JP,119,125,564,JPIX OSAKA,Osaka,Asia Pacific,2012-02-02T00:00:00Z,https://www.jpix.ad.jp/en/,https://www.jpix.ad.jp/en/technical_traffic.php,OK,2019/7/11
BR,284,0,575,IX.br (PTT.br) Goi??nia,Goi??nia/GO,South America,2012-03-25T00:00:00Z,http://ix.br,http://ix.br/trafego/agregado/gyn,OK,2019/7/11
AU,392,1472,576,IX Australia QLD,Brisbane/Queensland,Australia,2012-03-22T00:00:00Z,http://www.ix.asn.au,https://metrics.ix.asn.au,OK (Grafana home page linked to IX aggregates Overview and Peers),2019/7/11
HK,356,1319,577,AMS-IX Hong Kong,Hong Kong,Asia Pacific,2012-03-28T00:00:00Z,http://www.ams-ix.hk,http://www.ams-ix.hk/total-traffic-statistics,Not OK (traffic data graphs available at https://www.ams-ix.net/hk/documentation/total-stats),2019/7/11
RU,384,1384,580,MSK-IX Stavropol,Stavropol,Europe,2012-05-23T00:00:00Z,http://www.msk-ix.ru/en/ix/stw,http://www.msk-ix.ru/en/traffic,OK,2019/7/11
NO,192,1507,582,BIX Bergen,Bergen,Europe,2012-05-24T00:00:00Z,https://www.nix.no/,https://www.nix.no/statistics/,OK,2019/7/11
GB,349,1332,583,LINX Manchester,Manchester,Europe,2012-06-02T00:00:00Z,http://www.linx.net,http://portal.linx.net,OK,2019/7/11
AE,373,1341,587,UAE-IX,Dubai,Middle East,2012-06-12T00:00:00Z,http://www.uae-ix.net,http://www.uae-ix.net/about-uae-ix/statistics/,OK,2019/7/11
ZA,351,0,592,NAPAfrica IX Johannesburg,Johannesburg,Africa,2012-07-19T00:00:00Z,https://www.napafrica.net,https://www.napafrica.net/napafrica-traffic/,Not OK (404 Page not found but traffic data graphs available at https://www.napafrica.net/peering-traffic/),2019/7/11
ZA,648,0,597,NAPAfrica IX Cape Town,Cape Town,Africa,2012-07-27T00:00:00Z,http://www.teraco.co.za,http://www.napafrica.net/napafrica-traffic/,Not OK (404 Page not found but traffic data graphs available at https://www.napafrica.net/peering-traffic/),2019/7/11
BR,283,1275,603,IX.br (PTT.br) Campina Grande,Campina Grande/PB,South America,2012-07-30T00:00:00Z,http://ix.br,http://ix.br/trafego/agregado/cpv,OK,2019/7/11
US,423,0,627,SNAP,Atlanta,North America,2012-11-20T00:00:00Z,http://www.southeastnap.com/,http://www.southeastnap.com/about_us/statistics/,Not OK (Coming soon),2019/7/11
CD,204,479,628,KINIX,Kinshasa,Africa,2012-11-20T00:00:00Z,http://www.ispa-drc.cd,http://www.ispa-drc.cd,Not OK (No graph),2019/7/11
BR,289,1444,638,IX.br (PTT.br) S??o Jos¨¦ dos Campos,Sao Jos¨¦ dos Campos/SP,South America,2012-12-17T00:00:00Z,http://ix.br,http://ix.br/trafego/agregado/sjc,OK,2019/7/11
CA,398,1461,639,YYCIX,Calgary,North America,2013-01-02T00:00:00Z,http://yycix.ca,http://yycix.ca/graphs.html,OK,2019/7/11
UA,165,1588,655,GigaNET,Kiev,Europe,2013-02-24T00:00:00Z,http://giganet.ua/en,http://giganet.ua/en/statistics,OK,2019/7/11
US,268,1484,662,Phoenix IX,Phoenix,North America,2013-03-12T00:00:00Z,http://www.phoenix-ix.net,http://phoenix-ix.net/traffic.html,Not OK (No graph),2019/7/11
DE,431,1663,676,ECIX-FRA,Frankfurt,Europe,2013-04-09T00:00:00Z,https://www.ecix.net,https://www.ecix.net/infrastructure/statistics,OK (should click the link),2019/7/11
RU,493,0,683,YAR-IX,Yaroslavl,Europe,2013-05-02T00:00:00Z,http://yar-ix.net,http://yar-ix.net/network/stat/,OK,2019/7/11
AU,391,1473,691,IX Australia SA,Adelaide,Australia,2013-05-02T00:00:00Z,http://www.ix.asn.au,https://metrics.ix.asn.au,OK (Grafana home page linked to IX aggregates Overview and Peers),2019/7/11
GH,92,93,694,GIXA,Accra,Africa,2013-05-15T00:00:00Z,http://www.gixa.org.gh,http://www.gixa.org.gh/trafficgraph.html,Not OK (404 Page not found but traffic data graphs available at http://www.gixa.org.gh/technical/statistics/),2019/7/11
BG,413,1623,699,NetIX,Sofia,Europe,2013-05-26T00:00:00Z,http://www.netix.net,http://212.73.140.125/summary/,Not OK (ERR_CERT_COMMON_NAME_INVALID),2019/7/11
CA,399,1316,703,MBIX,Winnipeg  Manitoba,North America,2013-06-01T00:00:00Z,http://www.mbix.ca/,http://www.mbix.ca/statistics/,OK,2019/7/11
BR,264,1200,705,IX.br (PTT.br) Recife,Recife/PE,South America,2013-06-15T00:00:00Z,http://ix.br,http://ix.br/trafego/agregado/pe,OK,2019/7/11
BR,377,1446,706,IX.br (PTT.br) Vit¨®ria,Vit¨®ria/ES,South America,2013-06-15T00:00:00Z,http://ix.br,http://ix.br/trafego/agregado/vix,OK,2019/7/11
BR,375,1442,707,IX.br (PTT.br) Manaus,Manaus/AM,South America,2013-06-15T00:00:00Z,http://ix.br,http://ix.br/trafego/agregado/mao,OK,2019/7/11
BR,379,1443,708,IX.br (PTT.br) Natal,Natal/RN,South America,2013-06-15T00:00:00Z,http://ix.br,http://ix.br/trafego/agregado/nat,OK,2019/7/11
BR,374,1445,709,IX.br (PTT.br) S??o Jos¨¦ do Rio Preto,S??o Jos¨¦ do Rio Preto/SP,South America,2013-06-15T00:00:00Z,http://ix.br,http://ix.br/trafego/agregado/sjp,OK,2019/7/11
BR,263,1089,710,IX.br (PTT.br) Fortaleza,Fortaleza/CE,South America,2013-06-16T00:00:00Z,http://ix.br,http://ix.br/trafego/agregado/ce,OK,2019/7/11
BR,378,1440,711,IX.br (PTT.br) Bel¨¦m,Bel¨¦m/PA,South America,2013-06-16T00:00:00Z,http://ix.br,http://ix.br/trafego/agregado/bel,OK,2019/7/11
CZ,410,1758,713,Peering.cz,Prague  Bratislava  Vienna,Europe,2013-06-23T00:00:00Z,http://www.peering.cz,http://www.peering.cz/traffic,Not OK (traffic data graphs available at https://www.peering.cz/statistics),2019/7/11
AU,394,1585,716,IX Australia NSW,Sydney/NSW,Australia,2013-06-25T00:00:00Z,http://www.ix.asn.au,https://metrics.ix.asn.au,OK (Grafana home page linked to IX aggregates Overview and Peers),2019/7/11
GB,409,1701,745,LINX Scotland,Scotland,Europe,2013-08-20T00:00:00Z,http://www.linx.net,http://portal.linx.net,OK,2019/7/11
CA,386,0,776,WPGIX,Winnipeg,North America,2013-10-06T00:00:00Z,http://wpgix.net/,http://wpgix.net/ix-daily.png,Not OK (Connection refused),2019/7/25
US,426,1678,777,LINX NoVA,Northern Virginia,North America,2013-10-10T00:00:00Z,https://www.linx.net/linx-nova,https://stats.linx.net/lans#nva1,Not OK (404 Page not found),2019/7/25
AU,563,0,779,MegaIX Melbourne,Melbourne,Australia,2013-10-25T00:00:00Z,https://megaport.com,https://www.megaport.com/services/ix-statistics/,OK (Main page that has links to all the traffic graph of several IXPs),2019/7/25
AU,570,0,780,MegaIX Sydney,Sydney,Australia,2013-10-25T00:00:00Z,https://megaport.com,https://www.megaport.com/services/ix-statistics/,OK (Main page that has links to all the traffic graph of several IXPs),2019/7/25
AU,606,0,781,MegaIX Brisbane,Brisbane,Australia,2013-10-25T00:00:00Z,https://megaport.com,https://www.megaport.com/services/ix-statistics/,OK (Main page that has links to all the traffic graph of several IXPs),2019/7/25
BR,497,1808,790,IX.br (PTT.br) Lajeado,Lajeado/RS,South America,2013-10-22T00:00:00Z,http://ix.br/,http://ix.br/trafego/agregado/laj,OK,2019/7/25
DE,404,0,796,BREM-IX,Bremen,Europe,2013-11-02T00:00:00Z,http://www.brem-ix.net/,http://www.brem-ix.net/traffic,Not OK (ERR_CERT_DATE_INVALID),2019/7/25
US,425,1778,804,DE-CIX New York,New York,North America,2013-11-13T00:00:00Z,https://www.de-cix.net/locations/united-states/new-york,https://www.de-cix.net/locations/united-states/new-york/statistics,OK,2019/7/25
CI,205,1801,810,CIVIX,Abidjan,Africa,2013-12-06T00:00:00Z,http://www.civix.ci,http://stats.civix.ci/cacti/graph_view.php,OK (username: civix  password: civix),2019/7/25
BR,498,1833,818,IX.br (PTT.br) Maring¨¢,Maring¨¢/PR,South America,2014-01-08T00:00:00Z,http://ix.br/,http://ix.br/trafego/agregado/mgf,OK,2019/7/25
TW,185,237,823,TPIX-TW,Taipei/Taiwan,Asia Pacific,2014-01-26T00:00:00Z,http://www.tpix.net.tw/,http://www.tpix.net.tw/traffic.html,OK,2019/7/25
IN,634,0,832,Mumbai IX,Mumbai,Asia Pacific,2014-02-19T00:00:00Z,https://www.mumbai-ix.net,https://www.mumbai-ix.net/en/graph,OK (last updated: 2019/6/25),2019/7/25
AM,372,1499,851,ArmIX,Yerevan,Europe,2014-04-06T00:00:00Z,http://armix.am,http://mrtg.armix.am/mrtg1/,OK (should click the figure first),2019/7/25
BR,500,1807,859,IX.br (PTT.br) Cuiab¨¢,Cuiab¨¢/MT,South America,2014-04-25T00:00:00Z,http://ix.br,http://ix.br/trafego/agregado/cgb,OK,2019/7/25
CZ,588,0,864,BR-IX,Brno,Europe,2014-05-05T00:00:00Z,http://www.br-ix.cz,http://br-ix.cz/stats.png,OK (just one single png graph),2019/7/25
RU,141,0,876,RED-IX,Krasnoyarsk,Europe,2014-06-16T00:00:00Z,http://webra.ru,http://www.red-ix.ru/members/statistics,OK,2019/7/25
FR,434,1656,880,France-IX Marseille,Marseille,Europe,2014-06-16T00:00:00Z,https://www.franceix.net/en/france-ix-marseille/,https://tools.franceix.net/pops,OK,2019/7/25
NA,None,1784,922,IXP Namibia,Windhoek,Africa,2014-08-26T00:00:00Z,http://dev.ixp.org.na/,http://dev.ixp.org.na/graphs/,Not OK (Account has been suspended),2019/7/25
US,635,0,938,TahoeIX,Northern Nevada,North America,2014-09-29T00:00:00Z,http://www.tahoeix.org,http://www.tahoeix.org#stats,OK,2019/7/25
TT,536,0,940,TTIX,Barataria,South America,2014-09-29T00:00:00Z,https://ix.tt,https://ix.tt/statistics,OK (Only graphs for TTIX2 Sourthern IXP   no graphs for TTIX Northern IXP),2019/7/25
US,533,0,944,AMS-IX Chicago,Chicago,North America,2014-09-29T00:00:00Z,https://chi.ams-ix.net,https://chi.ams-ix.net/statistics,Not OK (traffic graphs available at https://www.ams-ix.net/chi/documentation/total-stats),2019/7/25
US,543,0,954,FL-IX,Miami,North America,2014-10-08T00:00:00Z,http://www.communityix.org/index.php/about-fl-ix/,https://my.fl-ix.net/ixp_peering-flix-agg-bits-month.png,OK (just one single png graph),2019/7/25
SG,574,0,965,MegaIX Singapore,Singapore,Asia Pacific,2014-10-23T00:00:00Z,https://megaport.com,https://www.megaport.com/services/ix-statistics/,OK (Main page that has links to all the traffic graph of several IXPs),2019/7/25
ZA,649,0,969,NAPAfrica IX Durban,Durban,Africa,2014-11-02T00:00:00Z,http://www.napafrica.net/napafrica-traffic/durban-internet-exchange/,http://www.napafrica.net/napafrica-traffic/,Not OK (404 Page not found),2019/7/25
AU,323,0,976,IX Australia ACT,Canberra/ACT,Australia,2014-11-05T00:00:00Z,http://www.ix.asn.au,https://metrics.ix.asn.au,OK (Grafana home page linked to IX aggregates  Overview and Peers),2019/7/25
NZ,586,0,977,AKL-IX,Auckland,Australia,2014-11-05T00:00:00Z,http://www.ix.nz,https://metrics.ix.nz/,OK (Grafana home page linked to IX aggregates Overview and Peers),2019/7/25
NZ,572,0,984,MegaIX Auckland,Auckland,Australia,2014-11-26T00:00:00Z,https://megaport.com,https://www.megaport.com/services/ix-statistics/,OK (Main page that has links to all the traffic graph of several IXPs),2019/7/25
US,662,0,1006,DET-IX,Detroit,North America,2015-01-12T00:00:00Z,http://www.detroitix.com,http://stats.detroitix.com,Not OK (Need to login),2019/7/25
AO,531,0,1007,angonix,Luanda,Africa,2015-01-12T00:00:00Z,http://angonix.net/,http://angonix.net/about-angonix/statistics/,OK,2019/7/25
AT,663,0,1009,Tirol-IX,Innsbruck/Tirol,Europe,2015-01-13T00:00:00Z,http://tirol-ix.at/,http://tirol-ix.at/,Not OK (name not resolved),2019/7/25
GB,544,0,1016,LINX Cardiff,Cardiff,Europe,2015-01-30T00:00:00Z,https://www.linx.net/,http://portal.linx.net,OK,2019/7/25
FR,564,0,1019,AuvernIX,Clermont-Ferrand,Europe,2015-01-30T00:00:00Z,http://www.auvernix.org,http://www.auvernix.org/nos-outils/,OK,2019/7/25
CR,541,0,1023,CRIX,San Jose,North America,2015-02-07T00:00:00Z,https://www.crix.cr/,https://www.crix.cr/estadisticas,OK,2019/7/25
TH,587,0,1025,BKNIX,Bangkok,Asia Pacific,2015-02-16T00:00:00Z,https://bknix.co.th,https://bknix.co.th/en/statistics,OK,2019/7/25
RW,295,0,1032,RINEX,Kigali,Africa,2015-03-02T00:00:00Z,http://www.rinex.org.rw,http://rinex.org.rw/spip.php?page=aggregate_traffic,OK,2019/7/25
BG,731,0,1056,MegaIX Sofia,Sofia,Europe,2015-04-06T00:00:00Z,https://megaport.com,https://www.megaport.com/services/ix-statistics/,OK (Main page that has links to all the traffic graph of several IXPs),2019/7/25
AT,553,0,1073,SAIX,Salzburg,Europe,2015-05-20T00:00:00Z,https://www.saix.at/,https://www.saix.at/statistics.html,OK,2019/7/25
US,665,0,1086,MASS-IX,Boston,North America,2015-05-12T00:00:00Z,http://www.mass-ix.net,http://www.mass-ix.net/peering.html#stats,OK,2019/7/25
CH,632,0,1094,GE-CIX,Zurich,Europe,2015-07-02T00:00:00Z,http://www.ge-cix.net/,http://www.ge-cix.net/get-connected/asns/,Not OK (No graph),2019/7/25
TN,370,0,1105,TunIXP,Tunis,Africa,2015-07-02T00:00:00Z,http://www.ati.tn/TunIXP/,http://webmaster@ati.tn,Not OK (Coming soon),2019/7/25
IT,558,0,1131,DE-CIX Palermo,Palermo,Europe,2015-08-26T00:00:00Z,https://pmo.de-cix.net,https://www.de-cix.net/en/locations/italy/palermo/statistics,OK,2019/7/25
ES,667,0,1146,ESPANIX Madrid Upper LAN,Madrid,Europe,2015-10-01T00:00:00Z,http://www.espanix.net,http://stats.espanix.net/,OK,2019/7/25
FR,559,0,1149,DE-CIX Marseille,Marseille,Europe,2015-10-09T00:00:00Z,https://mrs.de-cix.net,https://www.de-cix.net/locations/france/marseille/statistics,OK,2019/7/25
TR,560,0,1150,DE-CIX Istanbul,Istanbul,Europe,2015-10-09T00:00:00Z,https://www.de-cix.net/locations/turkey/istanbul,https://www.de-cix.net/locations/turkey/istanbul/statistics,OK,2019/7/25
RU,668,0,1154,SFO-IX,Barnaul  Novosibirsk,Europe,2015-10-22T00:00:00Z,http://www.milecom.ru,http://sfo-ix.ru/statistika.html,OK,2019/7/25
ES,724,0,1160,NIXVAL-ix,Valencia,Europe,2015-11-02T00:00:00Z,https://www.nixval.com/en/internet-exchange/,https://www.nixval.com/internet-exchange/#1461682919055-d347c803-0192,Not OK (No graph),2019/7/25
CA,669,0,1169,YEGIX,Edmonton,North America,2015-11-02T00:00:00Z,http://www.yegix.ca/,http://www.yegix.ca/,Not OK (No graph),2019/7/25
CN,582,0,1172,CHN-IX Beijing,Beijing,Asia Pacific,2015-12-01T00:00:00Z,http://www.chn-ix.net,http://chn-ix.net/serviceability.html,OK,2019/7/25
US,613,0,1174,MegaIX Seattle,Seattle,North America,2015-12-08T00:00:00Z,https://megaport.com,https://www.megaport.com/services/ix-statistics/,OK (Main page that has links to all the traffic graph of several IXPs),2019/7/25
US,611,0,1175,MegaIX Los Angeles,Los Angeles,North America,2015-12-08T00:00:00Z,https://megaport.com,https://www.megaport.com/services/ix-statistics/,OK (Main page that has links to all the traffic graph of several IXPs),2019/7/25
US,610,0,1180,MegaIX Dallas,Dallas,North America,2015-12-08T00:00:00Z,https://megaport.com,https://www.megaport.com/services/ix-statistics/,OK (Main page that has links to all the traffic graph of several IXPs),2019/7/25
US,650,0,1207,IX-Denver,Denver,North America,2016-01-10T00:00:00Z,https://ix-denver.org,https://portal.ix-denver.org/statistics/ixp,OK,2019/7/25
KH,432,0,1209,CNX,Phnom Penh,Asia Pacific,2016-01-13T00:00:00Z,http://cnx.net.kh,http://cnx.net.kh/traffic/,OK,2019/7/25
DE,565,0,1214,DE-CIX Dusseldorf,D¨¹sseldorf,Europe,2016-01-28T00:00:00Z,https://www.de-cix.net/locations/germany/dusseldorf,https://dus.de-cix.net,Not OK (No graph),2019/7/25
AU,607,0,1235,MegaIX Perth,Perth,Australia,2016-02-27T00:00:00Z,https://megaport.com,https://www.megaport.com/services/ix-statistics/,OK (Main page that has links to all the traffic graph of several IXPs),2019/7/25
RU,678,0,1242,W-IX,Moscow,Europe,2016-03-18T10:53:09Z,http://www.w-ix.ru,https://www.w-ix.ru/i/w-ix-g.png,OK (just one single png graph),2019/7/25
US,580,0,1249,DE-CIX Dallas,Dallas,North America,2016-03-22T15:29:10Z,https://www.de-cix.net/en/locations/united-states/dallas,https://www.de-cix.net/locations/united-states/dallas/statistics,OK,2019/7/25
BR,616,0,1276,IX.br (PTT.br) Foz do Igua??u,Foz do Igua??u/PR,South America,2016-04-13T10:59:21Z,http://ix.br/,http://ix.br/trafego/agregado/igu,OK,2019/7/25
ES,470,0,1277,DE-CIX Madrid,Madrid,Europe,2016-04-13T14:11:26Z,https://mad.de-cix.net,https://www.de-cix.net/locations/spain/madrid/statistics,OK,2019/7/25
US,679,0,1285,SIX Seattle (Jumbo),Seattle,North America,2016-04-21T14:40:58Z,https://www.seattleix.net/,https://www.seattleix.net/statistics/,OK,2019/7/25
CA,575,0,1307,MegaIX Toronto,Toronto,North America,2016-05-12T14:56:25Z,https://megaport.com,https://www.megaport.com/services/ix-statistics/,OK (Main page that has links to all the traffic graph of several IXPs),2019/7/25
NL,681,0,1308,LSIX,The Hague,Europe,2016-05-12T17:46:39Z,https://lsix.net,https://my.lsix.net,Not OK (traffic graph available at https://my.lsix.net/statistics/ixp),2019/7/25
IN,117,0,1317,NIXI Kolkata,Kolkata,Asia Pacific,2016-05-21T14:58:57Z,http://nixi.in,http://nixi.in,Not OK (name not resolved),2019/7/25
FR,None,0,1320,Hopus,Paris  Lyon  Marseille  Geneva  Amsterdam  Frankfurt,Europe,2016-05-25T11:26:20Z,https://hopus.net,https://hopus.net/stats,OK,2019/7/25
DE,747,0,1329,Community-IX,Berlin,Europe,2016-06-06T08:54:17Z,http://www.community-ix.de/,https://www.community-ix.de/technik/,OK,2019/7/25
FI,171,0,1332,FICIX 1 (Espoo),Espoo,Europe,2016-06-14T22:19:37Z,https://www.ficix.fi/,https://stats-ficix.basen.com/#/page?name=StatsWelcome&source=wiki,OK,2019/7/25
MG,685,0,1335,MGIX,Antananarivo,Africa,2016-06-18T12:04:25Z,http://www.mgix.mg,http://www.mgix.mg/statistiques/,OK,2019/7/25
CN,None,0,1375,CHN-IX Shanghai,Shanghai,Asia Pacific,2016-07-19T07:29:03Z,http://www.chn-ix.net,https://stats.chn-ix.net/index.html,Not OK (ERR_CERT_REVOKED),2019/7/25
NO,199,0,1418,TIX Troms??,Troms??,Europe,2016-08-22T23:28:39Z,https://www.nix.no,https://www.nix.no/statistics/,OK,2019/7/25
NO,200,0,1419,SIX Stavanger,Stavanger,Europe,2016-08-22T23:30:20Z,https://www.nix.no,https://www.nix.no/statistics/,OK,2019/7/25
NO,193,0,1420,TRDIX Trondheim,Trondheim,Europe,2016-08-22T23:33:31Z,https://www.nix.no,https://www.nix.no/statistics/,OK,2019/7/25
FR,527,0,1428,GrenoblIX,Grenoble,Europe,2016-09-06T12:26:33Z,http://grenoblix.net/,https://vm-monitoring-1.rezopole.net/stats-services/all_traffic_exchanged_grenoblix/grenoblix.html,OK,2019/7/25
FI,440,0,1464,Equinix Helsinki,Helsinki,Europe,2016-09-30T18:22:54Z,https://www.equinix.fi/services/interconnection-connectivity/internet-exchange/,https://ix.equinix.com/,Not OK (No graph),2019/7/25
AR,626,0,1481,CABASE-SLU - IX Argentina (San Luis),San Luis,South America,2016-10-14T18:14:52Z,http://www.cabase.org.ar,http://www.cabase.org.ar,Not OK (No graph),2019/7/25
AR,795,0,1484,CABASE-NGB - IX Argentina (Pilar),Pilar,South America,2016-10-14T18:16:58Z,http://www.cabase.org.ar,http://www.cabase.org.ar,Not OK (No graph),2019/7/25
MU,546,0,1508,MIXP,Ebene,Africa,2016-11-03T12:24:30Z,http://www.mixp.org/,http://www.mixp.org/,"""OK (But still have to click on the """"Statistics"""" label)""",2019/7/25
CL,680,0,1514,PIT Santiago - PIT Chile,Santiago,South America,2016-11-11T11:54:40Z,http://www.pitchile.cl,http://www.pitchile.cl/wp/?page_id=37,OK,2019/7/25
PL,540,0,1516,IX.LODZ.PL,??¨®d??,Europe,2016-11-13T17:51:15Z,http://ix.lodz.pl,http://ix.lodz.pl/statystyki/,OK,2019/7/25
PY,None,0,1522,IXpy,San Lorenzo,South America,2016-11-18T22:03:49Z,http://ix.py,http://monitor.ix.py,Not OK (connection time out),2019/7/25
PH,232,0,1561,PhOpenIX-Manila,Manila,Asia Pacific,2016-12-23T02:16:52Z,http://www.phopenix.net,http://www.phopenix.net/traffic,OK,2019/7/25
IN,619,0,1623,AMS-IX India,Mumbai,Asia Pacific,2017-02-07T09:14:28Z,https://ams-ix.in/,https://stats-mum.ams-ix.net/,OK,2019/7/25
US,647,0,1628,MegaIX Las Vegas,Las Vegas,North America,2017-02-09T04:23:24Z,https://megaport.com,https://www.megaport.com/services/ix-statistics/,OK (Main page that has links to all the traffic graph of several IXPs),2019/7/25
EC,None,0,1660,IXP Ecuador - STD,Santo Domingo,South America,2017-03-03T20:27:04Z,http://www.ixp.ec,http://www.ixp.ec,OK (traffic graph availble at http://www.ixp.ec/#3),2019/7/25
US,684,0,1668,CIX-ATL,Atlanta,North America,2017-03-16T17:11:36Z,http://www.communityix.org,https://atl.communityix.org/grapher/ixp?period=month,OK (just one single png graph for month  but other graphs can be obtained by changing the string in url),2019/7/25
US,743,0,1679,NNENIX,Portland,North America,2017-03-28T18:37:21Z,http://www.nnenix.net,https://ixp.nnenix.net/statistics/ixp,Not OK (ERR_CERT_DATE_INVALID),2019/7/25
BR,631,0,1684,IX.br (PTT.br) Aracaju,Aracaju/SE,South America,2017-03-29T15:38:50Z,http://ix.br/,http://ix.br/trafego/agregado/se,OK,2019/7/25
LV,686,0,1748,MSK-IX Riga,Riga,Europe,2017-05-23T14:28:50Z,http://www.msk-ix.ru/en/ix/rix,http://www.msk-ix.ru/en/traffic,OK,2019/7/25
NL,737,0,1812,Asteroid Amsterdam,Amsterdam,Europe,2017-07-18T07:56:53Z,https://www.asteroidhq.com/ixp-locations/1,https://www.asteroidhq.com/statistics/1,OK,2019/7/25
CA,None,0,1829,YXEIX,Saskatoon,North America,2017-07-24T19:28:13Z,http://yxeix.ca,http://yxeix.ca/graphs.html,OK,2019/7/25
NL,None,0,1842,Speed-IX,Dronten,Europe,2017-08-03T20:17:52Z,https://speed-ix.net,https://speed-ix.net/statistic/,Not OK (404 Page not found),2019/7/25
BR,789,0,1847,IX.br (PTT.br) Santa Maria,Santa Maria/RS,South America,2017-08-08T18:24:38Z,http://ix.br/,http://ix.br/trafego/agregado/ria,OK,2019/7/25
CN,None,0,1861,CN-IX-SH,ShangHai,Asia Pacific,2017-08-18T03:20:35Z,http://www.cn-ix.com,http://www.cn-ix.com,Not OK (No graph),2019/7/25
CN,None,0,1862,CN-IX-BJ,BeiJing,Asia Pacific,2017-08-18T03:36:15Z,http://www.cn-ix.com,http://www.cn-ix.com,Not OK (No graph),2019/7/25
CN,None,0,1863,CN-IX-GZ,GuangZhou,Asia Pacific,2017-08-18T03:37:09Z,http://www.cn-ix.com,http://www.cn-ix.com,Not OK (No graph),2019/7/25
SE,712,0,1868,STHIX - Gothenburg,Gothenburg,Europe,2017-08-23T08:54:22Z,http://www.sthix.net,http://www.sthix.net,Not OK (traffic graph available at https://www.sthix.net/index.php/home/statistics/),2019/7/25
DK,713,0,1869,STHIX - Copenhagen,Copenhagen,Europe,2017-08-23T08:56:43Z,http://www.sthix.net,https://www.sthix.net/index.php/home/statistics/,OK,2019/7/25
NG,None,0,1870,IXPN Abuja,Abuja,Africa,2017-08-23T17:40:26Z,http://www.ixp.net.ng,https://traffics.ixp.net.ng/sensor.htm?id=2876&tabid=1,Not OK (ERR_CONNECTION_RESET),2019/7/25
CN,None,0,1886,Cnean,BeiJing,Asia Pacific,2017-08-29T09:13:57Z,http://www.cnean.com,http://www.cnean.com,Not OK (No graph),2019/7/25
PL,721,0,1919,APLIX,Gdynia,Europe,2017-09-19T08:22:23Z,http://www.aplix.pl,http://www.aplix.pl,Not OK (No graph),2019/7/25
SE,718,0,1923,Equinix Stockholm,Stockholm,Europe,2017-09-22T14:00:51Z,https://www.equinix.se/services/interconnection-connectivity/internet-exchange/,https://ix.equinix.com/,Not OK (No graph),2019/7/25
IT,719,0,1925,Equinix Milan,Milan,Europe,2017-09-22T18:04:51Z,https://www.equinix.it/services/interconnection-connectivity/internet-exchange/,https://ix.equinix.com/,Not OK (No graph),2019/7/25
IE,714,0,1926,Equinix Dublin,Dublin,Europe,2017-09-22T18:06:18Z,http://www.equinix.ie/services/interconnection-connectivity/internet-exchange/,https://ix.equinix.com/,Not OK (No graph),2019/7/25
GB,717,0,1927,Equinix Manchester,Manchester,Europe,2017-09-22T18:07:36Z,http://www.equinix.co.uk/services/interconnection-connectivity/internet-exchange/,https://ix.equinix.com/,Not OK (No graph),2019/7/25
BR,787,0,1983,IX.br (PTT.br) Jo??o Pessoa,Jo??o Pessoa/PB,South America,2017-10-27T17:08:20Z,http://ix.br/,http://ix.br/trafego/agregado/jpa,OK,2019/7/25
GB,716,0,1997,Equinix London,London,Europe,2017-11-06T11:14:19Z,https://www.equinix.co.uk/services/interconnection-connectivity/internet-exchange/,https://ix.equinix.com/,Not OK (No graph),2019/7/25
DE,715,0,1998,Equinix Frankfurt,Frankfurt,Europe,2017-11-06T11:14:25Z,https://www.equinix.de/services/interconnection-connectivity/internet-exchange/,https://ix.equinix.com/,Not OK (No graph),2019/7/25
US,729,0,1999,PIT-IX,Pittsburgh,North America,2017-11-07T18:08:16Z,https://pit-ix.net,https://pit-ix.net/stats,Not OK (traffic graph available at https://pit-ix.net/#section-services),2019/7/25
AL,746,0,2004,ANIX - Albanian Neutral Internet eXchange,Tirana,Europe,2017-11-13T14:18:57Z,http://www.anix.al,http://www.anix.al/stats,Not OK (graphs cannot be loaded),2019/7/25
LT,741,0,2005,BALT-IX,Vilnius,Europe,2017-11-14T08:28:53Z,http://www.balt-ix.lt,http://stats.balt-ix.net,OK,2019/7/25
NL,779,0,2031,Equinix Amsterdam,Amsterdam,Europe,2017-12-06T10:45:13Z,https://www.equinix.nl/services/interconnection-connectivity/internet-exchange/,https://ix.equinix.com/,Not OK (No graph),2019/7/25
US,None,0,2032,Sacramento-IX,Sacramento,North America,2017-12-08T02:22:00Z,http://www.sacramento-ix.net,http://www.sacramento-ix.net,Not OK (error between cloudflare and origin web server),2019/7/25
RU,None,0,2035,Eurasia Peering IX,Moscow,Europe,2017-12-11T17:23:26Z,http://eurasiapeering.com/,http://eurasiapeering.com/traffic.htm,OK,2019/7/25
AR,794,0,2039,CABASE-OGB - IX Argentina (Moreno),Moreno,South America,2017-12-12T21:29:44Z,http://www.cabase.org.ar,http://www.cabase.org.ar,Not OK (No graph),2019/7/25
AR,707,0,2040,CABASE-RST - IX Argentina (Resistencia),Resistencia,South America,2017-12-12T21:39:07Z,http://www.cabase.org.ar,http://www.cabase.org.ar,Not OK (No graph),2019/7/25
CA,None,0,2070,MonctonIX,Moncton,North America,2018-01-18T19:29:41Z,http://monctonix.ca,http://monctonix.ca,Not OK (No graph),2019/7/25
BR,792,0,2078,IX.br (PTT.br) Teresina,Teresina/PI,South America,2018-01-23T10:56:25Z,http://ix.br/,http://ix.br/trafego/agregado/the,OK,2019/7/25
DE,775,0,2084,LocIX,Frankfurt am Main,Europe,2018-02-01T13:31:42Z,https://locix.online,https://locix.online/stats,OK (just one single png graph),2019/7/25
BR,790,0,2086,IX.br (PTT.br) S??o Lu¨ªs,S??o Lu¨ªs/MA,South America,2018-02-05T16:33:07Z,http://ix.br/,http://ix.br/trafego/agregado/slz,OK,2019/7/25
MM,None,0,2102,MMIX,Yangon,Asia Pacific,2018-02-26T16:50:52Z,http://www.mm-ix.net,http://103.103.194.2:8300/graph_image.php?local_graph_id=41&rra_id=1,OK (just one single png graph),2019/7/25
GU,None,0,2116,GOREX,Tumon,Asia Pacific,2018-03-09T05:13:54Z,https://gorex.uog.edu,http://perfsonar.uog.edu,Not OK (No graph),2019/7/25
ES,783,0,2130,Equinix Madrid,Madrid,Europe,2018-03-22T13:45:50Z,https://ix.equinix.com/home/madrid/,https://ix.equinix.com/,Not OK (No graph),2019/7/25
PT,782,0,2131,Equinix Lisbon,Lisbon,Europe,2018-03-22T13:46:38Z,https://ix.equinix.com/home/lisbon/,https://ix.equinix.com/,Not OK (No graph),2019/7/25
RU,761,0,2149,PITER-IX,St.Petersburg,Europe,2018-04-02T20:32:10Z,http://piter-ix.ru,http://lg.piter-ix.ru,Not OK (No graph),2019/7/25
CL,None,0,2176,PIT entel,Santiago,South America,2018-04-30T19:20:42Z,http://www.pitentel.cl,http://www.pitentel.cl,Not OK (No graph),2019/7/25
US,780,0,2182,Equinix Denver,Denver,North America,2018-05-07T21:23:04Z,https://www.equinix.com,https://ix.equinix.com,Not OK (No graph),2019/7/25
US,781,0,2183,Equinix Houston,Houston,North America,2018-05-07T21:23:57Z,https://www.equinix.com,https://ix.equinix.com,Not OK (No graph),2019/7/25
US,766,0,2186,Baltimore IX,Baltimore,North America,2018-05-13T21:54:50Z,https://baltimoreix.net,https://baltimoreix.net/stats,Not OK (No graph),2019/7/25
AF,749,0,2245,NIXA,Kabul,Asia Pacific,2018-06-26T00:34:19Z,http://www.nixa.af,http://www.nixa.af,Not OK (ERR_CERT_COMMON_NAME_INVALID),2019/7/25
KZ,None,0,2250,KAZ-GOV-IX,Astana,Asia Pacific,2018-06-29T06:54:22Z,http://sts.kz/,http://lg-ix.sts.kz/,OK,2019/7/25
TT,799,0,2272,TTIX2,Princes Town,South America,2018-07-18T20:58:43Z,https://ix.tt,https://ix.tt/statistics/,OK (Only graphs for TTIX2 Sourthern IXP  no graphs for TTIX Northern IXP),2019/7/25
US,756,0,2274,EVIX,Fremont,North America,2018-07-19T16:24:58Z,https://evix.org,https://evix.org,Not OK (No graph),2019/7/25
CO,776,0,2289,Equinix Bogota,Bogota,South America,2018-08-02T17:59:16Z,https://www.equinix.com,https://ix.equinix.com,Not OK (No graph),2019/7/25
BR,788,0,2291,IX.br (PTT.br) Macei¨®,Macei¨®/AL,South America,2018-08-06T12:42:57Z,http://ix.br/,http://ix.br/trafego/agregado/mcz,OK,2019/7/25
IN,None,0,2341,REDIX Chennai,Chennai,Asia Pacific,2018-09-10T12:12:16Z,https://redix.org,https://manage.redix.org,OK (But no x and y axis labels),2019/7/25
PR,None,0,2353,Puerto Rico Internet Exchange,San Juan,North America,2018-09-19T04:23:47Z,https://www.puertorico-ix.com,https://www.puertorico-ix.com/stats,Not OK (ERR_CONNECTION_CLOSED),2019/7/25
BT,757,0,2355,btIX,Thimphu,Asia Pacific,2018-09-22T17:01:27Z,https://www.btix.bt,https://www.btix.bt,OK (should click on the figure first to get more graphs),2019/7/25
CH,None,0,2365,CHIX-CH,Frauenfeld,Europe,2018-09-27T21:15:52Z,https://chix.ch,https://chix.ch,Not OK (No graph),2019/7/25
GR,753,0,2386,GR-IX::Thessaloniki,Thessaloniki,Europe,2018-11-02T11:13:23Z,http://www.gr-ix.gr/,http://www.gr-ix.gr/traffic/,OK,2019/7/25
SO,754,0,2410,SoIXP,Mogadishu,Africa,2018-11-23T12:26:29Z,http://www.soixp.so,https://portal.soixp.so/statistics/infrastructure,OK,2019/7/25
NG,None,0,2415,IXPN Port Harcourt,Port Harcourt,Africa,2018-11-28T12:49:35Z,http://www.ixp.net.ng,https://traffics.ixp.net.ng/sensor.htm?id=3304&tabid=1,Not OK (ERR_CONNECTION_RESET),2019/7/25
CH,None,0,2447,4b42 Internet Exchange Point,Zurich,Europe,2018-12-06T12:23:38Z,https://www.4ixp.com,https://www.4ixp.net,Not OK (No graph),2019/7/25
CA,None,0,2452,UNM-Exch Canada-West,Vancouver,North America,2018-12-10T15:25:53Z,http://unmetered.exchange,http://unmetered.exchange,OK (A daily traffic graph but do not know what day it is. Maybe not updated in time),2019/7/25
TH,None,0,2454,CSL Thai-IX Malaysia,Bangkok,Asia Pacific,2018-12-11T03:18:51Z,https://www.cslthai-ix.net,https://www.cslthai-ix.net,Not OK (No graph),2019/7/25
TH,None,0,2494,CSL Thai-IX Singapore,Bangkok,Asia Pacific,2019-01-31T01:47:49Z,https://www.cslthai-ix.net,https://www.cslthai-ix.net,Not OK (No graph),2019/7/25
TH,None,0,2495,CSL Thai-IX Bangkok,Bangkok,Asia Pacific,2019-01-31T01:57:08Z,https://www.cslthai-ix.net/,https://www.cslthai-ix.net,Not OK (No graph),2019/7/25
KZ,768,0,2497,KazNIX,Semey,Asia Pacific,2019-02-07T12:00:09Z,https://kaznix.kz,https://kaznix.kz,Not OK (traffic graph available at https://kaznix.kz/ru/monitoring),2019/7/25
BD,109,0,2516,BDIX,Dhaka,Asia Pacific,2019-02-26T05:33:18Z,http://www.bdix.net,http://www.bdix.net/stat.htm,Not OK (404 Page not found),2019/7/25
KR,None,0,2522,Sejong Neutral-IX,Seoul,Asia Pacific,2019-03-07T01:44:11Z,https://www.sejongtelecom.net/en/pages/service/data_network_nix,https://client.sjtel.net,Not OK (connection time out),2019/7/25
TR,767,0,2527,Turk-IX,Istanbul,Europe,2019-03-12T15:27:36Z,https://www.turk-ix.com,https://www.turk-ix.com/monitoring.html,Not OK (graphs cannot be loaded),2019/7/25
CM,798,0,2541,CAMIX Douala,Douala  CAMTEL BEPANDA,Africa,2019-03-25T22:07:12Z,http://www.camix.cm,http://www.camix.cm/index.php/statistiques-de-trafic-douala,Not OK (name not resolved),2019/7/25
US,None,0,2551,Digital Realty Chicago,Chicago,North America,2019-03-29T11:02:59Z,https://ix.digitalrealty.com,https://ix.digitalrealty.com,Not OK (No graph),2019/7/25
CM,528,0,2554,CAMIX Yaounde,Yaounde,Africa,2019-04-01T20:43:37Z,http://www.camix.cm,http://camix.cm/index.php/techniques/technologies/statistiques-de-trafic,Not OK (name not resolved),2019/7/25
US,786,0,2558,NYIIX Philadelphia,Philadelphia,North America,2019-04-08T13:44:34Z,https://www.nyiix.net/locations/nyiix-philadelphia/,https://www.nyiix.net/PHI-mrtg/sum.html,OK,2019/7/25
RU,None,0,2568,TN-IX,Novokuznetsk,Asia Pacific,2019-04-22T15:54:49Z,http://tn-ix.net/,http://tn-ix.net/statistics/,OK,2019/7/25
US,None,0,2585,STLIX,Saint Louis  MO,North America,2019-05-09T01:40:13Z,http://www.stlix.net,http://www.stlix.net,Not OK (traffic graph available at http://www.stlix.net/stats.php),2019/7/25
IN,688,0,2587,DE-CIX Delhi,Delhi,Asia Pacific,2019-05-14T14:20:32Z,https://www.de-cix.in/locations/de-cix-delhi,https://www.de-cix.in/statistics,OK,2019/7/25
IN,None,0,2588,DE-CIX Chennai,Chennai,Asia Pacific,2019-05-14T14:22:47Z,https://www.de-cix.in/locations/de-cix-chennai,https://www.de-cix.in/,Not OK (graffic graph available at https://www.de-cix.in/statistics),2019/7/25
IN,689,0,2589,DE-CIX Kolkata,Kolkata,Asia Pacific,2019-05-14T14:25:01Z,,https://www.de-cix.in/,Not OK (graffic graph available at https://www.de-cix.in/statistics),2019/7/25
NL,774,0,2601,NLocIX,Meppel,Europe,2019-05-26T12:55:28Z,http://www.nlocix.net,http://www.nlocix.net,Not OK (No graph),2019/7/25
UA,402,0,2611,KM-IX,Khmelnitskiy,Europe,2019-06-13T21:23:38Z,http://ix.km.ua/,http://ix.km.ua/traffic.html,OK (should click on the figure first to get more graphs),2019/7/25
