IXP_Country_ISO_Alpha2,IXPDB_ID,PCH_ID,PeeringDB_ID,IXP_name_IXPDB,IXP_name_PCH,IXP_name_PDB,IXP_City,IXP_region_continent,Date_Creation_PDB,Date_Creation_PCH,Date_Update_PCH,Date_Update_IXPDB,IXP_Website,IXP_Url_Stats,IXP_Url_Stats_PCH,Url_Stats_comments (For IXP_Url_Stats; if the PCH_url is used; there will be an *),Date_check_Stats (For IXP_Url_Stats)
US,148,345,13,SIX (Seattle Internet Exchange),Seattle Internet Exchange,SIX Seattle,Seattle,North America,2010-07-29T00:00:00Z,19970620,2019/7/28,2019-08-07T00:01:23Z,https://www.seattleix.net/,https://www.seattleix.net/statistics/,"['https://www.seattleix.net/statistics/agg.cfg-agg-d-y3.png', 'https://www.seattleix.net/statistics/agg_ethertypes.cfg-agg_ethertype_ipv6-d-y3.png', 'https://www.seattleix.net/statistics/agg.cfg-agg-d-y3.png', 'https://www.seattleix.net/statistics/agg_ethertypes.cfg-agg_ethertype_ipv6-d-y3.png']",OK,2019/7/11
US,138,320,14,NYIIX (New York International IX),New York International Internet Exchange,NYIIX,New York,North America,2010-07-29T00:00:00Z,19960000,2019/7/28,2019-06-17T17:47:54Z,https://www.nyiix.net/locations/nyiix-new-york/,https://www.nyiix.net/mrtg/sum.html,['http://www.nyiix.net/mrtg/graph_4469.png'],OK,2019/7/11
GB,1,62,18,LINX LON1,London Internet Exchange,LINX LON1,London,Europe,2010-07-29T00:00:00Z,19941108,2018/8/22,2019-08-07T13:04:58Z,https://www.linx.net/,https://stats.linx.net/,,OK,2019/7/11
AU,108,9,21,WA-IX,Western Australian Internet Association,IX Australia WA,Perth/WA,Australia,2010-07-29T00:00:00Z,19970000,2019/7/28,2019-08-07T01:01:38Z,http://www.ix.asn.au,https://metrics.ix.asn.au,['https://metrics.ix.asn.au/render/dashboard-solo/db/ix-aggregates?orgId=2&from=now-1d&to=now&panelId=5&var-polling_interval=5m&theme=light&width=600&height=400'],OK (Grafana home page linked to IX aggregates Overview and Peers),2019/7/11
US,137,297,23,NYIIX Los Angeles,Los Angeles International Internet Exchange,NYIIX Los Angeles,Los Angeles,North America,2010-07-29T00:00:00Z,19960000,2018/9/28,2019-06-17T17:48:00Z,https://www.nyiix.net/locations/nyiix-la/,https://www.nyiix.net/LA-mrtg/sum.html,,OK,2019/7/11
CA,163,39,24,TorIX (Toronto Internet Exchange),Toronto Internet Exchange,TorIX,Toronto,North America,2010-07-29T00:00:00Z,19980724,2019/7/28,2019-08-07T13:04:58Z,https://www.torix.ca/,https://www.torix.ca/traffic-statistics/,['https://www.torix.ca/img/torix-day.png'],OK,2019/7/11
NL,2,160,26,AMS-IX,Amsterdam Internet Exchange,AMS-IX,Amsterdam,Europe,2010-07-29T00:00:00Z,19971229,2019/7/28,2019-08-07T13:04:58Z,http://www.ams-ix.net/,https://www.ams-ix.net/statistics/,"['https://stats.ams-ix.net/cgi-bin/stats/16all?log=totalall;png=daily', 'https://stats.ams-ix.net/cgi-bin/stats/sflow_grapher?type=ipv6;counter=bps;scale=normal;interval=daily', 'https://stats.ams-ix.net/cgi-bin/stats/16all?log=totalall;png=daily', 'https://stats.ams-ix.net/cgi-bin/stats/sflow_grapher?type=ipv6;counter=bps;scale=normal;interval=daily']",Not OK (traffic data graphs available at https://www.ams-ix.net/ams/documentation/total-stats),2019/7/11
CH,22,236,29,Equinix Zurich (Equinix Internet Exchange - Zurich),Equinix Zurich,Equinix Zurich,Zurich,Europe,2010-07-29T00:00:00Z,19990000,2008/1/13,2019-08-07T13:04:58Z,https://www.equinix.ch/services/interconnection-connectivity/internet-exchange/,https://ix.equinix.com/,,Not OK (No graph),2019/7/11
JP,44,129,30,JPIX - Tokyo (Japan Internet Exchange - Tokyo),Japan Internet Exchange,JPIX TOKYO,Tokyo,Asia Pacific,2010-07-29T00:00:00Z,19970700,2019/7/28,2019-06-17T06:42:25Z,https://www.jpix.ad.jp/en/,https://www.jpix.ad.jp/en/technical_traffic.php,['https://www.jpix.ad.jp/en/img/TOTAL.In_e.png'],OK,2019/7/11
DE,9,83,31,DE-CIX FRA (DE-CIX Frankfurt),Deutscher Commercial Internet Exchange DE-CIX Frankfurt,DE-CIX Frankfurt,Frankfurt,Europe,2010-07-29T00:00:00Z,19950500,2019/7/28,2019-08-07T13:04:58Z,https://fra.de-cix.net,https://www.de-cix.net/en/locations/germany/frankfurt/statistics,"['https://www.de-cix.net/traffic_FRA-2days-1170-400.png', None, 'https://www.de-cix.net/traffic_FRA-2days-1170-400.png', None]",OK,2019/7/11
CH,7,231,33,CIXP (CERN Internet Exchange Point),CERN Internet Exchange Point,CIXP,Geneva,Europe,2010-07-29T00:00:00Z,19950000,2019/7/28,2019-06-07T15:00:42Z,http://www.cixp.net/,http://cixp.net/technical/members-traffic,['https://netstat.cern.ch/monitoring/network-statistics/ext/graphit.php?title=CIXP-Total-Traffic&custom=EXT&rrdpath=CIXP_CIXP-Total-Traffic'],OK,2019/7/11
FR,32,78,34,SFINX (Service for French Internet eXchange),Service for French Internet Exchange,SFINX,Paris,Europe,2010-07-29T00:00:00Z,19950000,2019/7/28,2019-05-28T06:05:44Z,http://www.sfinx.fr/,,['https://pasillo.renater.fr/ma/SFINX_Stats.png'],*OK (Only daily),2019/8/8
IT,8,,35,MIX (Milan Internet Exchange),,MIX-IT,Milan,Europe,2010-07-29T00:00:00Z,,,2019-08-07T13:04:58Z,https://www.mix-it.net/,http://www.mix-it.net/statistics/cgi-bin/14all-Totale_globale.cgi?log=totaltraffic_global,,OK,2019/7/11
FR,,77,40,,PARIX,PARIX,Paris,Europe,2010-07-29T00:00:00Z,20010000,0000-00-00,,http://www.parix.net/,http://www.parix.net/cgi-bin/mrtg-rrd.cgi/giga.parix.net_total.html,,Not OK (connection time out),2019/7/11
US,,,41,,,NYCX,New York,North America,2010-07-29T00:00:00Z,,,,http://www.nycx.net/,http://www.nycx.net/index.php?page=Traffic,,Not OK (name not resolved),2019/7/11
HK,110,,42,HKIX (Hong Kong Internet Exchange),,HKIX,Hong Kong,Asia Pacific,2010-07-29T00:00:00Z,,,2019-05-28T18:13:59Z,https://www.hkix.net/,https://www.hkix.net/hkix/stat/aggt/hkix-aggregate.html,,OK,2019/7/11
TW,113,238,43,TWIX - Taipei (Taiwan Internet Exchange),Taiwan Internet Exchange,TWIX,Taipei,Asia Pacific,2010-07-29T00:00:00Z,19971200,2019/1/30,2019-08-07T13:04:57Z,https://www.twix.net/index_e.html,https://www.twix.net/all_e.html,"['https://www.twix.net/twix-traffic/summary-day.png', None]",OK,2019/7/11
IE,20,116,48,INEX LAN1 (Internet Neutral Exchange Association Limited by Guarantee),Internet Neutral Exchange Association Limited,INEX LAN1,Dublin,Europe,2010-07-29T00:00:00Z,19960000,2019/7/28,2019-08-07T13:04:58Z,https://www.inex.ie/,https://www.inex.ie/ixp/statistics/ixp,['https://www.inex.ie/ixp/grapher/ixp?id=1&type=png'],OK,2019/7/11
AT,3,15,50,VIX (Vienna Internet Exchange),Vienna Internet Exchange,VIX,Vienna,Europe,2010-07-29T00:00:00Z,19960400,2019/7/28,2019-08-05T11:01:16Z,http://www.vix.at,https://www.vix.at/vix_statistics.html,"['https://www.vix.at/typo3conf/ext/vixSum/graph.php?86400', 'https://www.vix.at/typo3conf/ext/vixSum/ip_specific_graph.php?time=86400&address_family=6']",OK,2019/7/11
GB,18,64,53,LONAP Network (LONAP Ltd.),London Network Access Point,LONAP,London,Europe,2010-07-29T00:00:00Z,19980000,2019/8/7,2019-08-07T00:01:41Z,https://www.lonap.net/,https://www.lonap.net/bandwidth.shtml,['https://www.lonap.net/mrtg/lonap-total-day.png'],OK,2019/7/11
HU,55,99,55,BIX (Budapest Internet Exchange),Budapest Internet Exchange,BiX,Budapest,Europe,2010-07-29T00:00:00Z,19960000,2019/7/28,2019-06-16T23:26:47Z,http://bix.hu/en,http://bix.hu/en/statistics,"['http://stats.bix.hu/graph.cgi?type=Octets&portid=aggregated&start=1563105059&end=1563191459', 'http://stats.bix.hu/graph.cgi?type=Octets&portid=aggregated&start=1563105059&end=1563191459']",OK (Links to member traffic graphs),2019/7/11
BE,4,17,59,BNIX (Belgian National Internet Exchange),Belgian National Internet Exchange,BNIX,Brussels,Europe,2010-07-29T00:00:00Z,19950000,2019/7/28,2019-05-27T12:53:59Z,https://www.bnix.net,https://bnix.net/en/content/figures,"['https://ftp.belnet.be/images/total-newbnix-daily.png', 'https://ftp.belnet.be/images/total-newbnix-daily.png']",Not OK (No graph),2019/7/11
CH,34,234,60,Infrastructure #1 (SwissIX Internet Exchang),SwissIX,SwissIX,Zurich,Europe,2010-07-29T00:00:00Z,20010309,2019/7/28,2019-08-07T13:04:58Z,https://www.swissix.ch/,https://www.swissix.net/infrastructure/traffic,['https://www.swissix.ch/ss/trafficplotnew.php?id=99&mode=1day'],OK,2019/7/11
ES,11,211,62,CATNIX (Catalunya Neutral Internet eXchange),Catalunya Neutral Internet Exchange Point,CATNIX,Barcelona,Europe,2010-07-29T00:00:00Z,19990407,2019/6/10,2019-08-07T13:04:58Z,http://www.catnix.net,http://www.catnix.net/en/statistics/,"['http://stats.catnix.net/graph_image.php?action=view&local_graph_id=6973&rra_id=1', 'http://stats.catnix.net/graph_image.php?action=view&local_graph_id=6973&rra_id=1']",OK,2019/7/11
ES,62,213,63,ESPANIX Madrid Lower LAN,Punto Neutro Espa??ol de Internet,ESPANIX Madrid Lower LAN,Madrid,Europe,2010-07-29T00:00:00Z,19970000,2019/7/15,2019-06-16T23:51:34Z,http://www.espanix.net,http://stats.espanix.net/,"['http://stats.espanix.net/graphs/graph_3893_1.png', 'http://stats.espanix.net/graphs/graph_3893_1.png']",OK,2019/7/11
NL,27,572,64,NL-ix,Neutral Internet Exchange,NL-ix,Amsterdam,Europe,2010-07-29T00:00:00Z,20020301,2019/7/28,2019-08-07T13:04:58Z,https://www.nl-ix.net/,https://www.nl-ix.net/traffic.php,"['https://www.nl-ix.net/trafficImg.php', 'https://www.nl-ix.net/trafficImg.php']",OK,2019/7/11
FR,31,71,69,lyonix,Lyon Internet Exchange,LyonIX,Lyon,Europe,2010-07-29T00:00:00Z,20100601,2019/8/7,2019-08-07T13:04:58Z,http://www.lyonix.net/,http://noc.rezopole.net/,"['https://vm-monitoring-1.rezopole.net/stats-services/all_traffic_exchanged_lyonix/lyonix-day.png', 'https://vm-monitoring-1.rezopole.net/stats-services/all_traffic_exchanged_lyonix/lyonix-day.png']",OK,2019/7/11
SE,5,227,70,Netnod - Stockholm (Netnod - Stockholm),Netnod Stockholm,Netnod Stockholm,Stockholm,Europe,2010-07-29T00:00:00Z,19970000,2019/7/28,2019-08-07T13:04:58Z,http://www.netnod.se,http://www.netnod.se/ix/statistics/,"['https://www.netnod.se/ix-stats/sums/Stockholm_day_sum.png', 'https://www.netnod.se/ix-stats/sums/Stockholm_day_sum.png']",OK,2019/7/11
CZ,15,55,71,NIX.CZ (NIX.CZ  z.s.p.o.),NIX.CZ - Neutral Internet eXchange for the Czech Republic,NIX.CZ,Prague,Europe,2010-07-29T00:00:00Z,19960831,2019/7/28,2019-08-06T14:00:18Z,http://www.nix.cz/,https://www.nix.cz/en/port/mrtg2/nix-all,['https://www.nix.cz/mrtg/NIX/nix-all-day.png'],OK,2019/7/11
PT,10,186,72,GIGAPIX (Gigabit Portuguese Internet Exchange),Gigabit Portuguese Internet Exchange Point,GigaPIX,Lisbon,Europe,2010-07-29T00:00:00Z,19951000,2019/7/28,2019-04-16T11:00:55Z,http://www.gigapix.pt,https://gigapix.pt/pt/informacao-tecnica/estatisticas-de-trafego/,"['https://193.137.196.180:8001/', 'https://193.137.196.180:8001/']",OK,2019/7/11
DE,77,89,73,ECIX-MUC,European Commercial Internet Exchange Munich,ECIX-MUC / INXS by ecix,Munich,Europe,2010-07-29T00:00:00Z,19940600,2015/10/31,2019-06-16T23:58:56Z,https://www.ecix.net,https://www.ecix.net/infrastructure/statistics,,OK (should click the link),2019/7/11
DE,47,88,74,DE-CIX HAM (DE-CIX Hamburg),DE-CIX Hamburg,DE-CIX Hamburg,Hamburg,Europe,2010-07-29T00:00:00Z,20070000,2019/7/28,2019-08-06T13:02:11Z,https://ham.de-cix.net,https://www.de-cix.net/locations/germany/hamburg/statistics,"['https://www.de-cix.net/traffic_HAM-2days-1170-400.png', 'https://www.de-cix.net/traffic_HAM-2days-1170-400.png']",OK,2019/7/11
DK,29,,78,DIX,,DIX,Copenhagen,Europe,2010-07-29T00:00:00Z,,,2019-06-19T21:27:13Z,http://www.dix.dk/,http://www.dix.dk/,,OK,2019/7/11
NO,19,,83,NIX1 (Norwegian Internet eXchange),,NIX1,Oslo,Europe,2010-07-29T00:00:00Z,,,2019-05-27T21:21:42Z,https://www.nix.no,https://www.nix.no/statistics/,,OK,2019/7/11
SK,89,204,84,SIX Bratislava (Slovak Internet eXchange Bratislava),Slovak Internet eXchange Bratislava,SIX.SK,Bratislava,Europe,2010-07-29T00:00:00Z,19961000,2019/8/7,2019-07-30T14:01:23Z,http://www.six.sk,http://www.six.sk/stats,['https://www.six.sk/stats/aggregated-day.png'],OK,2019/7/11
DE,21,80,87,BCIX (BCIX Management GmbH),Berlin Commercial Internet Exchange,BCIX,Berlin,Europe,2010-07-29T00:00:00Z,20020906,2019/7/28,2019-08-05T12:01:12Z,https://www.bcix.de/,https://www.bcix.de/bcix/traffic/,['https://www.bcix.de/ixp/bcix/ixp001-bits-day.png'],OK,2019/7/11
US,267,,89,MadIX (Madison Internet eXchange Peering Point),,MadIX,Madison,North America,2010-07-29T00:00:00Z,,,2019-06-17T23:11:08Z,http://kb.wisc.edu/ns/page.php?id=6636,http://stats.net.wisc.edu/madix.html,,OK,2019/7/11
DE,340,82,91,ECIX-DUS,European Commercial Internet Exchange D¨¹sseldorf,ECIX-DUS,Duesseldorf,Europe,2010-07-29T00:00:00Z,20030000,2012/1/23,2019-06-16T23:59:22Z,https://www.ecix.net/,https://www.ecix.net/infrastructure/statistics,,OK (should click the link),2019/7/11
JP,441,134,92,DIX-IE (Distributed IX in EDO),Network Service Provider IXP (Distributed IX in Edo),DIX-IE,Tokyo,Asia Pacific,2010-07-29T00:00:00Z,19961000,2014/9/20,2019-06-18T22:09:54Z,http://nspixp.wide.ad.jp/,http://nspixp.wide.ad.jp/2/,,Not OK (requested URL not found on the server),2019/7/11
JP,42,,95,JPNAP - Tokyo (Japan Network Access Point - Tokyo),,JPNAP Tokyo,Tokyo,Asia Pacific,2010-07-29T00:00:00Z,,,2019-08-07T13:04:58Z,https://www.jpnap.net/en/,https://www.jpnap.net/en/tokyo/traffic.html,,OK,2019/7/11
PL,85,185,96,WIX - Poland (Warsaw Internet eXchange),Warsaw Internet Exchange,WIX,Warsaw,Europe,2010-07-29T00:00:00Z,19960000,2009/12/15,2019-06-17T06:49:00Z,http://www.wix.net.pl/,http://www.wix.net.pl/vxb/w/index.asp?statystyki_x=statystyki,,Not OK (requested URL not found on the server),2019/7/11
NZ,126,164,97,APE - Auckland (Auckland Peering Exchange),Auckland Peering Exchange,APE,Auckland,Australia,2010-07-29T00:00:00Z,19990810,2019/7/15,2019-06-18T08:39:12Z,http://ape.nzix.net/,,['http://ape.nzix.net/ape2.png'],*OK (Two day - based),2019/8/8
FI,23,69,98,FICIX - Helsinki (Finnish Communication and Internet Exchange - Helsinki),Finnish Communication and Internet Exchange Helsinki,FICIX 2 (Helsinki),Helsinki,Europe,2010-07-29T00:00:00Z,19930000,2013/3/20,2019-05-27T22:18:32Z,https://www.ficix.fi/,https://stats-ficix.basen.com/#/page?name=StatsWelcome&source=wiki,,OK,2019/7/11
RU,13,191,100,msk-ix (MSK-IX public peering VLAN),MSK-IX Moscow,MSK-IX Moscow,Moscow,Europe,2010-07-29T00:00:00Z,19951125,2016/6/6,2019-08-07T13:04:58Z,http://www.msk-ix.ru/en,http://www.msk-ix.ru/en/traffic,,OK,2019/7/11
RU,87,195,107,spb-ix (SPB-IX public peering VLAN),MSK-IX St. Petersburg,MSK-IX Saint-Petersburg,St.Petersburg,Europe,2010-07-29T00:00:00Z,20090000,2016/6/6,2019-07-04T14:10:04Z,http://www.msk-ix.ru/en/ix/spb,http://www.msk-ix.ru/en/traffic/,,OK,2019/7/11
IT,14,121,115,TOP-IX (Torino Piemonte Exchange Point),Torino Piemonte Exchange Point,TOP-IX,Turin,Europe,2010-07-29T00:00:00Z,20020400,2019/7/28,2019-08-07T13:04:58Z,http://www.top-ix.org,http://www.top-ix.org/traffic-summary,"['http://mrtg.top-ix.org/cgi-bin/14all.cgi?log=exchangedtraffic&cfg=exchangedtraffic.cfg&png=daily', 'http://mrtg.top-ix.org/cgi-bin/14all.cgi?log=exchangedtraffic&cfg=exchangedtraffic.cfg&png=daily']",OK,2019/7/11
BR,215,29,119,Equinix S??o Paulo,Equinix S??o Paulo,Equinix S??o Paulo,S??o Paulo,South America,2010-07-29T00:00:00Z,19980000,0000-00-00,2019-06-06T21:26:27Z,https://www.equinix.com,https://ix.equinix.com,,Not OK (No graph),2019/7/11
IT,17,,121,NAMEX (NAMEX Roma IXP),,NaMeX Rome IXP,Rome,Europe,2010-07-29T00:00:00Z,,,2019-08-07T13:04:58Z,https://www.namex.it,https://www.namex.it/statistics,,OK,2019/7/11
DE,78,556,123,KleyReX (KleyReX),KleyReX Internet Exchange,KleyReX,Frankfurt,Europe,2010-07-29T00:00:00Z,20020900,2011/2/1,2019-08-06T17:01:39Z,http://www.kleyrex.net/,http://www.kleyrex.net/stats.html,,Not OK (need to login),2019/7/11
US,256,286,127,OIX (Oregon Internet Exchange),Oregon Internet Exchange,Oregon Internet Exchange (OIX),Eugene  Oregon,North America,2010-07-29T00:00:00Z,0,0000-00-00,2019-06-17T14:41:01Z,http://www.oregon-ix.net/,http://www.oregon-ix.net/stat-frme.html,,Not OK (requested URL not found on the server),2019/7/11
SE,91,228,128,SOLIX - Stockholm (SOLIX),SOLIX,SOLIX,Stockholm,Europe,2010-07-29T00:00:00Z,20011200,2019/7/28,2019-05-28T06:09:22Z,https://www.sol-ix.net,,"['http://cacti.lidnet.net/graph_image.php?local_graph_id=4102&rra_id=0', 'http://cacti.lidnet.net/graph_image.php?local_graph_id=4102&rra_id=0']",*OK (Two links are the same),2019/8/8
JP,120,,145,JPNAP - Osaka (Japan Network Access Point - Osaka),,JPNAP Osaka,Osaka,Asia Pacific,2010-07-29T00:00:00Z,,,2019-06-17T14:04:42Z,https://www.jpnap.net/en/,https://www.jpnap.net/en/osaka/traffic.html,,OK,2019/7/11
US,223,369,155,SFMIX (San Francisco Metropolitan Internet Exchange),San Francisco Metropolitan Internet Exchange,SFMIX,San Francisco,North America,2010-07-29T00:00:00Z,20060500,2019/7/28,2019-06-19T01:29:11Z,https://www.sfmix.org/,https://sfmix.org/services/statistics,"['https://sfmix.org/static/img/daily.gif', 'https://sfmix.org/static/img/daily.gif']",*OK,2019/8/8
BR,791,,171,IX.br (PTT.br) S??o Paulo,,IX.br (PTT.br) S??o Paulo,S??o Paulo/SP,South America,2010-12-11T00:00:00Z,,,2019-06-17T21:05:12Z,http://ix.br,http://ix.br/trafego/agregado/sp,,OK,2019/7/11
SE,144,,172,STHIX - Stockholm (Stockholm Internet eXchange AB),,STHIX - Stockholm,Stockholm,Europe,2010-07-29T00:00:00Z,,,2019-08-07T12:01:37Z,http://www.sthix.net/,http://www.sthix.net/,,OK,2019/7/11
BR,158,1092,173,Porto Alegre (RS) (IX.br - Porto Alegre (RS)),Ponto de Troca de Trafego do Porto Alegre,IX.br (PTT.br) Porto Alegre,Porto Alegre/RS,South America,2010-12-11T00:00:00Z,20020400,2019/7/28,2019-06-17T20:23:16Z,http://ix.br,http://ix.br/trafego/agregado/rs,['http://old.ix.br/stats/133b7f1cd0adde227ab9f48e68a4b82f/rs/images/pix/agregado_bps-daily.png'],OK,2019/7/11
BR,156,21,174,Curitiba (PR) (IX.br - Curitiba (PR)),Ponto de Troca de Tr¨¢fego do Paran¨¢,IX.br (PTT.br) Curitiba,Curitiba/PR,South America,2010-12-11T00:00:00Z,20020600,2017/11/9,2019-06-17T20:20:19Z,http://ix.br,http://ix.br/trafego/agregado/pr,,OK,2019/7/11
BR,157,22,175,Florian¨®polis (SC) (IX.br - Florian¨®polis (SC)),Ponto de Troca de Tr¨¢fego do Florian¨®polis,IX.br (PTT.br) Florian¨®polis,Florian¨®polis/SC,South America,2010-12-11T00:00:00Z,20080000,2019/7/28,2019-06-17T20:22:48Z,http://ix.br,http://ix.br/trafego/agregado/sc,['http://old.ix.br/stats/be779630c4bfd20baffc23b9b9a513ac/sc/images/pix/agregado_bps-daily.png'],OK,2019/7/11
BR,154,19,176,Belo Horizonte (MG) (IX.br - Belo Horizonte (MG)),Ponto de Troca de Tr¨¢fego do Belo Horizonte,IX.br (PTT.br) Belo Horizonte,Belo Horizonte/MG,South America,2010-12-11T00:00:00Z,20100100,2019/7/28,2019-06-17T06:54:32Z,http://ix.br,http://ix.br/trafego/agregado/mg,['http://old.ix.br/stats/bbaec3801638d06029a23d912c2a2e3c/mg/images/pix/agregado_bps-daily.png'],OK,2019/7/11
BR,159,415,177,Rio de Janeiro (RJ) (IX.br - Rio de Janeiro (RJ)),Ponto de Troca de Tr¨¢fego do Rio de Janeiro,IX.br (PTT.br) Rio de Janeiro,Rio de Janeiro/RJ,South America,2010-12-11T00:00:00Z,20100000,2019/7/28,2019-06-17T20:23:47Z,http://ix.br/,http://ix.br/trafego/agregado/rj,"['http://old.ix.br/stats/b7fb718114f447c323641f962a7be869/rj/images/pix/agregado_bps-daily.png', 'http://old.ix.br/images/pix/agregado-bps6_bps-daily1_rj.png', 'http://old.ix.br/stats/b7fb718114f447c323641f962a7be869/rj/images/pix/agregado_bps-daily.png', 'http://old.ix.br/images/pix/agregado-bps6_bps-daily1_rj.png']",OK,2019/7/11
BR,155,20,178,Bras¨ªlia (DF) (IX.br -  Bras¨ªlia (DF)),Ponto de Troca de Tr¨¢fego do Bras¨ªlia,IX.br (PTT.br) Bras¨ªlia,Bras¨ªlia/DF,South America,2010-12-11T00:00:00Z,20090000,2019/7/28,2019-06-17T14:14:51Z,http://ix.br,http://ix.br/trafego/agregado/df,['http://old.ix.br/stats/297842eef685fa1b41fa156842cdf32c/df/images/pix/agregado_bps-daily.png'],OK,2019/7/11
UA,48,,184,UA-IX (Ukrainian Internet Exchange),,UA-IX,Kiev,Europe,2010-07-29T00:00:00Z,,,2019-06-16T23:25:57Z,http://www.ua-ix.net.ua/en,http://www.ix.net.ua/pro-kompaniyu/statystyka,,OK,2019/7/11
SE,100,222,192,Netnod - Gothenburg (Netnod - Gothenburg),Netnod Gothenburg,Netnod Gothenburg,Gothenburg,Europe,2010-07-29T00:00:00Z,19980000,2019/7/28,2019-05-28T06:25:17Z,http://www.netnod.se,http://www.netnod.se/ix/statistics/,"['https://www.netnod.se/ix-stats/sums/Gothenburg_day_sum.png', None]",OK,2019/7/11
DK,294,,193,Netnod Copenhagen,,Netnod Copenhagen,Malmo / Copenhagen,Europe,2010-07-29T00:00:00Z,,,2019-06-19T01:18:52Z,http://www.netnod.se,http://www.netnod.se/ix/statistics/,,OK,2019/7/11
SE,102,229,194,Netnod - Sundsvall (Netnod - Sundsvall),Netnod Sundsvall,Netnod Sundsvall,Sundsvall,Europe,2010-07-29T00:00:00Z,20000000,2019/7/28,2019-05-28T06:29:00Z,http://www.netnod.se,http://www.netnod.se/ix/statistics/,"['https://www.netnod.se/ix-stats/sums/Sundsvall_GEB_day_sum.png', 'https://www.netnod.se/ix-stats/sums/Sundsvall_GEB_day_sum.png']",OK,2019/7/11
DE,30,81,209,ECIX-BER,European Commercial Internet Exchange Berlin,ECIX-BER,Berlin,Europe,2010-07-29T00:00:00Z,20030000,0000-00-00,2019-06-16T23:58:28Z,https://www.ecix.net/,https://www.ecix.net/infrastructure/statistics,,OK (should click the link),2019/7/11
ID,111,,210,IIX Jakarta,,IIX-Jakarta,Jakarta,Asia Pacific,2010-07-29T00:00:00Z,,,2019-05-28T13:43:16Z,http://www.iix.net.id,http://mrtg.iix.net.id,,OK (should click the link),2019/7/11
RU,86,192,223,nsk-ix (NSK-IX public peering VLAN),MSK-IX Novosibirsk,MSK-IX Novosibirsk,Novosibirsk,Asia Pacific,2010-07-29T00:00:00Z,20040000,2016/6/6,2019-07-04T14:08:28Z,http://www.msk-ix.ru/en/ix/nsk,http://www.msk-ix.ru/en/traffic,,OK,2019/7/11
IS,33,100,228,RIX (Reykjavik Internet Exchange),Reykjavik Internet Exchange,RIX,Reykjavik,Europe,2010-07-29T00:00:00Z,19990000,2019/8/7,2019-05-28T06:07:27Z,https://www.rix.is/,https://www.rix.is/english/statistics.html,"['https://www.rix.is/status/rix/galag/galag-day.png', 'https://www.rix.is/status/rix/galag/galag-day.png']",OK,2019/7/11
PL,151,,230,PIX (Poznan Internet Exchange),,POZIX,Poznan,Europe,2010-07-29T00:00:00Z,,,2019-06-17T20:18:05Z,http://www.pozix.pl/,https://www.pozix.pl/#statystyki,,OK,2019/7/11
SE,106,879,231,IXOR (Internet eXchange point of the Oresund Region),Internet exchange point of the Oresund Region,MalmIX Malmo / IXOR,Malm??,Europe,2010-07-29T00:00:00Z,20091014,0000-00-00,2019-05-28T16:22:22Z,http://www.ixor.se,http://www.ixor.se/statistics/,,Not OK (404 Page not found),2019/7/11
KE,49,143,236,KIXP - Nairobi,Kenya Internet Exchange Point,KIXP - Nairobi,Nairobi,Africa,2010-12-11T00:00:00Z,20010200,2019/7/28,2019-08-07T13:04:58Z,https://www.tespok.co.ke/,,['https://cacti.tespok.co.ke/cacti/graph_image.php?action=view&local_graph_id=620&rra_id=1'],*Not OK (ERR_CERT_DATE_INVALID),2019/8/8
US,149,1883,239,ChIX (Chicago Internet eXchange),United IX Chicago,ChIX,Chicago,North America,2010-07-29T00:00:00Z,20140000,0000-00-00,2019-06-17T20:17:14Z,https://unitedix.net/location/chicago,https://unitedix.net/location/chicago/networks,,OK,2019/7/11
NP,53,,241,NPIX Putalisadak (Internet Exchange Nepal),,npIX PTS,Kathmandu,Asia Pacific,2010-07-29T00:00:00Z,,,2019-07-17T05:01:20Z,http://www.npix.net.np/,http://www.npix.net.np/graph,,OK,2019/7/11
DE,54,1271,248,DE-CIX MUC (DE-CIX Munich),DE-CIX Munich,DE-CIX Munich,Munich,Europe,2010-07-29T00:00:00Z,20100400,2019/7/28,2019-08-06T12:02:20Z,https://muc.de-cix.net,https://www.de-cix.net/locations/germany/munich/statistics,"['https://www.de-cix.net/traffic_MUC-2days-1170-400.png', 'https://www.de-cix.net/traffic_MUC-2days-1170-400.png']",OK,2019/7/11
US,221,630,249,KCIX Kansas City (Kansas City Internet Exchange),Kansas City Internet Exchange,KCIX,Kansas City,North America,2010-07-29T00:00:00Z,20060000,2019/7/28,2019-06-17T23:01:41Z,http://www.kcix.net/,,['http://www.kcix.net/graphs/Daily.png'],*OK (Only daily),2019/8/8
CO,69,,252,NAP Colombia (NAP Colombia),,NAP Colombia,Bogota,South America,2010-12-11T00:00:00Z,,,2019-06-19T01:08:38Z,http://nap.co,http://nap.co/html/estadisticas.php,,OK,2019/7/11
FR,39,1097,255,Equinix Paris (Equinix Internet Exchange - Paris),Equinix Paris,Equinix Paris,Paris,Europe,2010-07-29T00:00:00Z,20080000,0000-00-00,2019-08-07T13:04:58Z,https://www.equinix-ix.fr/,https://ix.equinix.com/,,Not OK (No graph),2019/7/11
US,231,946,256,Digital Realty - Phoenix (Digital Realty Phoenix),Digital Realty Phoenix Internet Exchange,Digital Realty Phoenix,Phoenix,North America,2010-07-29T00:00:00Z,20080602,2019/7/28,2019-06-16T23:32:39Z,http://ix.digitalrealty.com,,['https://tieatl-server1.telx.com/usage.pl?drawgraph;day;Phoenix;1484304409'],*OK (Two day - based),2019/8/8
SE,145,225,257,Netnod - Lulea (Netnod - Lulea),Netnod Lule??,Netnod Lulea,Lulea,Europe,2010-07-29T00:00:00Z,20040900,2019/7/28,2019-06-17T06:53:30Z,http://www.netnod.se,http://www.netnod.se/ix/statistics/,"['https://www.netnod.se/ix-stats/sums/Lulea_day_sum.png', 'https://www.netnod.se/ix-stats/sums/Lulea_day_sum.png']",OK,2019/7/11
PL,36,509,264,Equinix WA IX (Equinix Warsaw),Equinix IX Warsaw (ex-PLIX),Equinix Warsaw (PLIX),Warsaw,Europe,2010-07-29T00:00:00Z,20060402,2018/11/2,2019-08-07T13:04:58Z,http://www.plix.pl/,http://www.plix.pl/en/network/statistic,,Not OK (No graph),2019/7/11
RO,37,804,270,InterLAN Internet Exchange (Interlan IX),InterLAN-IX,InterLAN,Bucharest  Arad  Cluj-Napoca  Constanta  Craiova  Iasi  Suceava  Timisoara,Europe,2010-07-29T00:00:00Z,20070000,2019/7/28,2019-08-05T11:00:14Z,https://www.interlan.ro/en/,https://ixpm.interlan.ro/statistics/ixp,['http://netview.interlan.ro/graphs/graph_3615_1.png'],OK,2019/7/11
EG,206,59,274,CAIX (Cairo Internet Exchange),Cairo Internet Exchange,CAIX,Cairo,Middle East,2010-07-29T00:00:00Z,20020500,2019/7/28,2019-06-18T08:44:14Z,http://www.caix.net.eg/,http://www.caix.net.eg/index.php/technical-info/traffic-statistics,['http://www.caix.net.eg/images/stories/graphs/graph_22_1.png'],OK,2019/7/11
DE,341,1052,291,ECIX-HAM,European Commercial Internet Exchange Hamburg,ECIX-HAM,Hamburg,Europe,2010-07-29T00:00:00Z,20090121,0000-00-00,2019-06-16T23:59:46Z,https://www.ecix.net/,https://www.ecix.net/infrastructure/statistics,,OK (should click the link),2019/7/11
LU,58,1234,297,LU-CIX (Luxembourg Commercial Internet Exchange),Luxembourg Commercial Internet Exchange,LU-CIX,Luxembourg,Europe,2010-07-29T00:00:00Z,20100000,2019/7/28,2019-06-18T08:35:29Z,https://www.lu-cix.lu/,,['http://pub.lu-cix.restena.lu/graphs/totals/past-day_500x250.png'],*OK (Only daily),2019/8/8
NO,99,,298,NIX2 (Norwegian Internet Exchange 2),,NIX2,Oslo,Europe,2010-07-29T00:00:00Z,,,2019-05-28T06:24:26Z,https://www.nix.no/,https://www.nix.no/statistics/,,OK,2019/7/11
SK,552,574,299,NIX.SK (NIX.CZ  z.s.p.o. organizacna zlozka),NIX.SK - exSitelIX,NIX.SK,Bratislava,Europe,2010-07-29T00:00:00Z,20050801,2019/7/28,2019-08-06T14:00:14Z,https://www.nix.sk/sk,,"['https://www.nix.sk/mrtg/NIXSK/nixsk-all-day.png', 'https://www.nix.sk/mrtg/NIXSK/nixsk-all-day.png']",*OK (Two links are the same),2019/8/8
RO,16,189,301,RoNIX (Romanian Network for Internet eXchange),Romanian National Internet Exchange,RoNIX,Bucharest,Europe,2010-07-29T00:00:00Z,20010907,2019/2/3,2019-05-27T22:16:54Z,https://anisp.ro/,https://ronix.ro/,,Not OK (No graph),2019/7/11
HR,28,51,303,CIX (Croatian Internet eXchange),Croatian Internet Exchange,CIX,Zagreb,Europe,2010-07-29T00:00:00Z,20000000,2019/7/28,2019-05-28T06:00:44Z,http://www.cix.hr/,http://www.cix.hr/en/about-cix/traffic-statistics/traffic-summary,['https://www.srce.unizg.hr/multimedia/CIX-stat/ixp001-bits-day.png?1508187688'],OK,2019/7/11
IT,38,1128,311,VSIX (VSIX Nap del Nord Est),VSIX NAP del Nord Est,VSIX,Padova,Europe,2010-07-29T00:00:00Z,20090901,2019/7/28,2019-08-07T13:04:58Z,http://www.vsix.it/,https://www.vsix.it/en/support/statistics.htm,"['https://www.vsix.it/stat.php?m=t&f=stats0.png', 'https://www.vsix.it/stat.php?m=t&f=stats0.png']",OK,2019/7/11
NL,146,803,313,R-iX (Rotterdam Internet eXchange),Rotterdam Internet eXchange,R_iX,Rotterdam,Europe,2010-07-29T00:00:00Z,20070000,2018/2/28,2019-06-17T14:11:12Z,https://www.r-ix.nl,https://www.r-ix.nl/#Traffic,,OK,2019/7/11
BR,214,1088,314,Londrina (LDA) (IX.br - Londrina (LDA)),Ponto de Troca de Trafego do Londrina,IX.br (PTT.br) Londrina,Londrina/PR,South America,2010-07-29T00:00:00Z,20090215,2019/7/28,2019-06-17T20:24:40Z,http://ix.br,http://ix.br/trafego/agregado/lda,"['http://old.ix.br/stats/7137e5d6e862f9e5d47b6eb3c6693922/lda/images/pix/agregado_bps-daily.png', 'http://old.ix.br/stats/7137e5d6e862f9e5d47b6eb3c6693922/lda/images/pix/agregado_bps-daily.png']",OK,2019/7/11
SI,25,,319,SIX (Slovenian Internet Exchange),,SIX SI,Ljubljana,Europe,2010-07-29T00:00:00Z,,,2019-05-27T22:19:53Z,https://www.arnes.si/infrastructure/six-slovenian-internet-exchange/,https://www.arnes.si/infrastructure/six-slovenian-internet-exchange/six-traffic/,,OK,2019/7/11
GB,600,62,321,LINX LON2,London Internet Exchange,LINX LON2,London,Europe,2010-07-29T00:00:00Z,19941108,2018/8/22,2019-08-07T13:04:58Z,http://www.linx.net/,https://stats.linx.net/,,OK,2019/7/11
US,229,1206,322,Digital Realty - Dallas (Digital Realty  Dallas),Digital Realty Dallas Internet Exchange,Digital Realty Dallas,Dallas,North America,2010-07-29T00:00:00Z,20070000,2019/7/28,2019-06-16T23:31:35Z,http://ix.digitalrealty.com,,['http://tieatl-server1.telx.com/usage.pl?drawgraph;day;Dallas;1484306858'],*OK (Two day - based),2019/8/8
US,230,1149,325,Digital Realty - New York (Digital Realty New York),Digital Realty New York Internet Exchange,Digital Realty New York,New York/New Jersey,North America,2010-07-29T00:00:00Z,20090000,2019/7/28,2019-06-16T23:32:05Z,http://ix.digitalrealty.com,,"['http://tieatl-server1.telx.com/usage.pl?drawgraph;day;NewYork;1260250574', 'http://tieatl-server1.telx.com/usage.pl?drawgraph;day;NewYork;1260250574']",*OK (Two links are the same),2019/8/8
BG,197,1194,326,Balkan-IX (Balkan Internet Exchange),Balkan Internet Exchange,B-IX,Sofia,Europe,2010-07-29T00:00:00Z,20100000,2019/7/28,2019-06-17T22:54:14Z,http://www.b-ix.net/,http://www.b-ix.net/technical/statistics/,"['http://www.b-ix.net/traffic_graph_daily.png', 'http://www.b-ix.net/traffic_graph_daily.png']",OK,2019/7/11
UA,198,,327,DTEL-IX (Digital Telecom Internet Exchange),,DTEL-IX,Kiev,Europe,2010-07-29T00:00:00Z,,,2019-08-07T13:04:57Z,https://dtel-ix.net/en/,https://dtel-ix.net/en/st,,OK,2019/7/11
FI,46,70,328,TREX (TREX Regional Exchanges Oy),Tampere Region Exchange,TREX,Tampere,Europe,2010-07-29T00:00:00Z,20030803,2018/4/2,2019-08-07T13:04:58Z,http://www.trex.fi/,https://stats-trex.basen.com/,,OK,2019/7/11
BG,40,1137,331,BIX.BG (Bulgarian Internet eXchange),Bulgarian Internet eXchange,BIX.BG,Sofia,Europe,2010-07-29T00:00:00Z,20090801,2019/7/28,2019-06-16T23:14:37Z,http://www.bix.bg/,http://www.bix.bg/en/technical_information/traffic_statistics.html,['http://www.bix.bg/assets/images/Traffstats/bixtotal-days.png'],OK,2019/7/11
GR,752,94,347,GR-IX::Athens (Greek Internet Exchange),GR-IX Athens,GR-IX::Athens,Athens,Europe,2010-07-29T00:00:00Z,20000000,2019/7/28,2019-07-31T08:01:57Z,http://www.gr-ix.gr/,http://www.gr-ix.gr/traffic/,"['https://portal.gr-ix.gr/grapher/infrastructure?id=1&period=day', 'https://portal.gr-ix.gr/grapher/infrastructure?id=1&period=day']",OK,2019/7/11
RU,169,190,350,ekt-ix (EKT-IX public peering VLAN),MSK-IX Ekaterinburg,MSK-IX Ekaterinburg,Ekaterinburg,Asia Pacific,2010-07-29T00:00:00Z,20121201,2016/6/6,2019-05-28T23:45:21Z,http://www.msk-ix.ru/en/ix/ekt,http://www.msk-ix.ru/en/traffic,,OK,2019/7/11
CA,266,,355,QiX (Quebec Internet eXchange),,QIX,Montreal,North America,2010-07-29T00:00:00Z,,,2019-06-17T23:10:33Z,https://www.qix.ca/?lang=en,https://www.qix.ca/network?lang=en,,OK,2019/7/11
RU,523,,358,DataIX - Ufa (DataIX - Ufa),,DATAIX,Frankfurt  Stockholm  Helsinki  Amsterdam  St.Petersburg  Moscow  Ekaterinburg  Ufa  Novosibirsk  Omsk  Khabarovsk Kiev  Kharkov  Odessa,Europe,2010-07-29T00:00:00Z,,,2019-06-17T09:05:16Z,http://www.dataix.ru,http://graphs.dataix.ru/total.png,,OK (just one single png graph),2019/7/11
FR,41,1124,359,France-IX (FranceIX Paris),France-IX,France-IX Paris,Paris,Europe,2010-07-29T00:00:00Z,20101100,2019/7/28,2019-03-01T12:02:18Z,https://www.franceix.net,https://tools.franceix.net/pops,['https://tools.franceix.net/static/images/observium/all-par-1d.png'],OK,2019/7/11
TZ,50,242,361,TIX - Tanzania (Tanzania Internet eXchange),TIX Tanzania - Dar es Salaam,TIX Tanzania - Dar es Salaam,Dar es Salaam,Africa,2010-07-29T00:00:00Z,20030700,2019/7/28,2019-06-18T08:34:57Z,http://tix.or.tz/,https://stats.tix.or.tz/,"['https://stats.tix.or.tz/graphs/daily.png', 'https://stats.tix.or.tz/graphs/daily.png']",*OK,2019/8/8
CW,61,988,366,AMS-IX Caribbean,Caribbean Internet Exchange,AMS-IX Caribbean,Curacao,South America,2013-05-12T00:00:00Z,20090420,2019/7/28,2019-08-07T10:00:58Z,http://www.ams-ix.cw/,https://cw.ams-ix.net/technical--2/statistics,"['https://stats-cw.ams-ix.net/cgi-bin/stats/16all?log=totalall;png=daily', 'https://stats-cw.ams-ix.net/cgi-bin/stats/sflow_grapher?type=ipv6;counter=bps;scale=normal;interval=daily']",Not OK (traffic data graphs available at https://www.ams-ix.net/car/documentation/total-stats),2019/7/11
RO,291,1385,372,Balcan-IX (Balcan-IX),Balcan-IX,Balcan-IX,Bucharest,Europe,2010-07-29T00:00:00Z,20080000,2019/7/28,2019-06-19T21:10:23Z,http://www.balcan-ix.net,http://balcan-ix.net/new/en/traffic-statistics/,['http://trafic.balcan-ix.net/graph_image.php?action=view&local_graph_id=497&rra_id=1'],Not OK (404 Page not found but traffic data graphs available at http://www.balcan-ix.net/traffic-statistics/),2019/7/11
RU,170,1044,378,vlv-ix (VLV-IX public peering VLAN),MSK-IX Vladivostok,MSK-IX Vladivostok,Vladivostok,Asia Pacific,2010-07-29T00:00:00Z,20080000,2013/12/9,2019-08-07T10:01:27Z,http://www.msk-ix.ru/en/ix/vlv,http://www.msk-ix.ru/en/traffic,,OK,2019/7/11
RU,88,193,379,smr-ix (SMR-IX public peering VLAN),MSK-IX Samara,MSK-IX Samara,Samara,Europe,2010-07-29T00:00:00Z,20090000,2014/8/20,2019-08-07T10:01:27Z,http://www.msk-ix.ru/en/ix/smr,http://www.msk-ix.ru/en/traffic,,OK,2019/7/11
RU,178,1046,380,rnd-ix (RND-IX public peering VLAN),MSK-IX Rostov-on-Don,MSK-IX Rostov-on-Don,Rostov-on-Don,Europe,2010-07-29T00:00:00Z,20090000,2014/8/20,2019-08-07T10:01:26Z,http://www.msk-ix.ru/en/ix/rnd,http://www.msk-ix.ru/en/traffic/,,OK,2019/7/11
LV,83,,383,LIX - Latvia (Latvian Internet eXchange),,LIX-LV,Riga,Europe,2010-07-29T00:00:00Z,,,2019-06-19T01:16:48Z,http://www.lix.lv,http://www.lix.lv/site/load,,OK,2019/7/11
IE,645,116,387,INEX LAN2 (Internet Neutral Exchange Association Limited by Guarantee),Internet Neutral Exchange Association Limited,INEX LAN2,Dublin,Europe,2010-07-29T00:00:00Z,19960000,2019/7/28,2019-08-06T11:00:20Z,https://www.inex.ie/,https://www.inex.ie/ixp/statistics/ixp,['https://www.inex.ie/ixp/grapher/ixp?id=1&type=png'],OK,2019/7/11
IL,112,117,393,IIX - Tel Aviv (Israeli Internet eXchange),Israeli Internet Exchange,IIX Israel,Petah Tikva,Middle East,2010-07-29T00:00:00Z,19960000,2019/7/28,2019-08-07T13:04:58Z,http://www.iix.net.il,,"['https://en.isoc.org.il/iix/cacti/cactiexports/graphs/graph_399_1.png', 'https://en.isoc.org.il/iix/cacti/cactiexports/graphs/graph_399_1.png']",*OK,2019/8/8
RU,275,1223,398,kzn-ix (KZN-IX public peering VLAN),MSK-IX Kazan,MSK-IX Kazan,Kazan,Europe,2010-07-29T00:00:00Z,20100500,2013/12/9,2019-08-07T10:01:04Z,http://www.msk-ix.ru/en/ix/kzn,http://www.msk-ix.ru/en/traffic/,,OK,2019/7/11
BR,262,1199,415,Campinas (CAS) (IX.br - Campinas (CAS)),Ponto de Troca de Trafego do Campinas,IX.br (PTT.br) Campinas,Campinas/SP,South America,2010-07-31T00:00:00Z,20091130,2019/7/28,2019-06-17T20:25:16Z,http://ix.br,http://ix.br/trafego/agregado/cas,['http://old.ix.br/stats/64d04c470b3b2cfd6a8baaa2326ddefa/cas/images/pix/agregado_bps-daily.png'],OK,2019/7/11
UG,96,,422,Kampala 1 (Uganda Internet eXchange Point),,UIXP,Kampala,Africa,2010-08-18T00:00:00Z,,,2019-08-06T16:02:03Z,https://uixp.co.ug/,https://portal.uixp.co.ug/public-statistics/public,,OK,2019/7/11
SG,371,1272,429,SGIX (Singapore Internet Exchange),Singapore Internet Exchange,SGIX,Singapore,Asia Pacific,2010-09-10T00:00:00Z,20100607,2019/7/28,2019-06-18T02:12:50Z,https://www.sgix.sg,https://www.sgix.sg/traffic-statistics/,"['https://www.sgix.sg/statistics/sgix-aggregate-daily.png', 'https://www.sgix.sg/statistics/sgix-aggregate-daily.png']",OK,2019/7/11
AT,348,14,430,GraX (Grazer Internet Exchange ),Grazer Internet Exchange,GraX,Graz,Europe,2010-09-14T00:00:00Z,20100304,2017/4/3,2019-06-18T02:05:31Z,http://www.grax.at/,http://www.grax.at/traffic/,,Not OK (totally blank),2019/7/11
GB,281,1232,435,IXLeeds (Leeds Internet Exchange),Leeds Internet Exchange,IX Leeds,Leeds / Western Yorkshire,Europe,2010-09-21T00:00:00Z,20100920,2019/7/28,2019-06-17T23:52:49Z,http://ixleeds.net,http://ixleeds.net/graphs.php,['https://www.mixp.org/stats/aggregate-traffic-year.png'],Not OK (requested URL not found on the server),2019/7/11
US,335,1265,446,MICE (Midwest Internet Cooperative Exchange),Midwest Internet Cooperative Exchange,MICE,Minneapolis  MN,North America,2010-10-09T00:00:00Z,20110111,2019/7/28,2019-06-17T15:00:04Z,http://www.micemn.net,http://micelg.usinternet.com/export/,"['http://micelg.usinternet.com/export/graphs/graph_1430_1.png', 'http://micelg.usinternet.com/export/graphs/graph_1430_1.png']",OK,2019/7/11
ID,358,907,452,BIX - Jakarta (Biznet Internet eXchange),Biznet Internet Exchange,BIX Jakarta,Jakarta,Asia Pacific,2010-10-30T00:00:00Z,20060000,2019/1/30,2019-06-17T08:49:04Z,http://www.biznetnetworks.com/En/?menu=Bix,,['http://www.biznetnetworks.com/images/bix/bix-new/bix-daily.png'],*OK (Only daily),2019/8/8
GU,472,1267,463,GU-IX (Guam Internet Exchange),Guam Internet Exchange,GU-IX,Guam,Asia Pacific,2010-12-09T00:00:00Z,20110000,0000-00-00,2019-06-18T22:18:02Z,http://www.gu-ix.net,http://www.gu-ix.net/stats/,,Not OK (requested URL not found on the server),2019/7/11
PL,436,2023,474,EPIX Warsaw (e-Poludnie Internet Exchange),EPIX.Warszawa-KIX,EPIX.Warszawa-KIX,Warsaw,Europe,2011-01-15T00:00:00Z,20130000,2019/7/28,2019-03-13T22:16:00Z,http://www.epix.net.pl/,http://www.epix.net.pl/narzedzia/statystyki-epix/#epix-katowice-stats,['https://newstats.epix.net.pl/epix-traffic-all-day.png'],Not OK (access to the site is limited for security reasons),2019/7/11
PL,346,918,481,Thinx (Thinx),Thinx Poland,Thinx,Warsaw,Europe,2011-02-06T00:00:00Z,20060000,2019/6/30,2019-06-17T14:27:00Z,http://www.atman.pl,https://portal.atman.pl/stats/acx.jsf,,Not OK (need to login),2019/7/11
PL,401,1636,482,TPIX (Orange Polska Internet Exchange),TPIX - Internet Exchange,TPIX,Warsaw,Europe,2011-02-06T00:00:00Z,20101100,2019/7/28,2019-06-13T21:05:54Z,http://www.tpix.pl/en,http://www.tpix.pl/en/statystyki_en.html,"['http://stats.tpix.pl/img/day.png', 'http://stats.tpix.pl/img/day.png']",OK,2019/7/11
NG,60,,488,IXPN (Internet Exchange Point of Nigeria),,IXPN Lagos,Lagos,Africa,2011-03-03T00:00:00Z,,,2019-06-17T14:01:25Z,http://www.ixp.net.ng,http://rt1.ixp.net.ng/mrtg/totalixpnlagos.html,,Not OK (access to the site is blocked in accordance with company policy),2019/7/11
PL,548,2022,491,EPIX (e-Poludnie Internet Exchange),EPIX.Katowice,EPIX.Katowice,Katowice/Silesia,Europe,2011-03-25T00:00:00Z,20130000,2019/7/28,2019-06-19T07:19:12Z,http://www.epix.net.pl/,http://www.epix.net.pl/narzedzia/statystyki-epix/#epix-katowice-stats,"['https://newstats.epix.net.pl/epix-traffic-all-day.png', 'https://newstats.epix.net.pl/epix-traffic-all-day.png']",Not OK (access to the site is limited for security reasons),2019/7/11
FI,172,1515,492,FICIX - Oulu (Finnish Communication and Internet Exchange - Oulu),Finnish Communication and Internet Exchange Oulu,FICIX 3 (Oulu),Oulu,Europe,2011-03-19T00:00:00Z,20080000,0000-00-00,2019-05-29T00:20:34Z,http://www.ficix.fi/,http://stats.ficix.fi/,,Not OK (name not resolved),2019/7/11
US,418,1816,499,MKEIX (Milwaukee Internet Exchange),Milwaukee Internet Exchange,MKE-IX,Milwaukee,North America,2011-06-02T00:00:00Z,20110000,2019/7/28,2019-06-19T01:00:38Z,http://www.mkeix.net,http://www.mkeix.net/stats,"['http://mkeix.net/stats.php?mode=day', 'http://mkeix.net/stats.php?mode=day']",Not OK (requested URL not found on the server),2019/7/11
RU,293,1864,512,PIRIX (PIRIX Internet Exchange),PIRIX,PIRIX,St.Petersburg,Europe,2011-05-12T00:00:00Z,20080000,2018/6/29,2019-06-17T23:56:22Z,http://www.pirix.ru,http://pirix.ru/statistics/,,OK,2019/7/11
AU,393,8,513,VIC-IX,Victoria Internet Exchange,IX Australia VIC,Melbourne/Victoria,Australia,2011-05-12T00:00:00Z,20110000,2019/7/28,2019-08-07T01:01:35Z,http://www.waia.asn.au,https://metrics.ix.asn.au,"['https://metrics.ix.asn.au/render/dashboard-solo/db/ix-aggregates?orgId=2&from=now-1d&to=now&panelId=18&var-polling_interval=5m&theme=light&width=1000&height=400', 'https://metrics.ix.asn.au/render/dashboard-solo/db/ix-aggregates?orgId=2&from=now-1d&to=now&panelId=18&var-polling_interval=5m&theme=light&width=1000&height=400']",OK (Grafana home page linked to IX aggregates  Overview and Peers),2019/7/11
LT,,,526,,,LIXP,Vilnius,Europe,2011-08-05T00:00:00Z,,,,http://www.lixp.lt/en/,http://www.lixp.lt/en/network/stat,,Not OK (No graph),2019/7/11
MZ,338,158,528,MOZ-IX (Mozambique Internet Exchange Point ),Mozambique Internet Exchange,MOZIX,Maputo,Africa,2011-08-09T00:00:00Z,20020700,2016/11/22,2019-06-17T23:59:54Z,http://www.mozix.org.mz,http://www.mozix.org.mz/mrtg,,Not OK (requested URL not found on the server),2019/7/11
RU,,516,529,,Krasnoyarsk Internet Exchange,KRS-IX,Krasnoyarsk,Europe,2011-08-23T00:00:00Z,20060000,2019/7/28,,http://www.krs-ix.ru,,['http://www.red-ix.ru/static/images/cacti/graphs/graph_254_1.png'],*OK (Can not see very clearly),2019/8/8
LI,483,1859,543,Rheintal IX (Rheintal IX),Rheintal Internet Exchange,Rheintal IX,Eschen/LI  Feldkirch/AT  St. Gallen/CH,Europe,2011-12-06T00:00:00Z,20111027,2019/6/16,2019-06-13T22:32:01Z,http://www.rheintal-ix.net,http://www.rheintal-ix.net/traffic/,"['https://cacti.rheintal-ix.net/export/graphs/graph_82_1.png', 'https://cacti.rheintal-ix.net/export/graphs/graph_82_1.png']",OK,2019/7/11
BR,160,1018,556,Salvador (BA) (IX.br - Salvador (BA)),Ponto de Troca de Trafego do Salvador,IX.br (PTT.br) Salvador,Salvador/BA,South America,2012-01-16T00:00:00Z,20080000,2019/7/28,2019-06-18T08:42:23Z,http://ix.br,http://ix.br/trafego/agregado/ba,['http://old.ix.br/stats/fd6bf1772c30a428a00c015b76c83d65/ba/images/pix/agregado_bps-daily.png'],OK,2019/7/11
BR,376,1441,558,Caxias do Sul (CXJ) (IX.br - Caxias do Sul (CXJ)),Ponto de Troca de Trafego do Caxias do Sul,IX.br (PTT.br) Caxias do Sul,Caxias do Sul/RS,South America,2012-01-24T00:00:00Z,20130600,2019/7/28,2019-06-17T15:03:38Z,http://ix.br,http://ix.br/trafego/agregado/cxj,['http://old.ix.br/stats/1ca8748e6672014e5862c1eda1e19c97/cxj/images/pix/agregado_bps-daily.png'],OK,2019/7/11
SK,167,1521,559,SIX - Ko??ice (Slovak Internet eXchange - Ko??ice),Slovak Internet Exchange Ko??ice,SIX.SK Ko??ice,Ko??ice,Europe,2012-01-30T00:00:00Z,20080600,2019/8/7,2019-05-09T14:59:30Z,http://www.six.sk,http://www.six.sk/statske,['https://www.six.sk/stats/kosice/aggregated-ke-day.png'],OK,2019/7/11
JP,119,125,564,JPIX - Osaka (Japan Internet Exchange - Osaka),JPIX Osaka,JPIX OSAKA,Osaka,Asia Pacific,2012-02-02T00:00:00Z,20020400,2019/7/28,2019-06-17T06:49:50Z,https://www.jpix.ad.jp/en/,https://www.jpix.ad.jp/en/technical_traffic.php,"['https://www.jpix.ad.jp/en/img/TOTAL-OSK.In_e.png', 'https://www.jpix.ad.jp/en/img/TOTAL-OSK.In_e.png']",OK,2019/7/11
BR,284,1276,575,Goi??nia (GYN) (IX.br - Goi??nia (GYN)),Ponto de Troca de Trafego do Goi??nia,IX.br (PTT.br) Goi??nia,Goi??nia/GO,South America,2012-03-25T00:00:00Z,20101020,2019/7/28,2019-06-17T20:26:59Z,http://ix.br,http://ix.br/trafego/agregado/gyn,['http://old.ix.br/stats/e1100a9487a40dac85dc59754ba070e8/gyn/images/pix/agregado_bps-daily.png'],OK,2019/7/11
AU,392,1472,576,QLD-IX,Queensland Internet Exchange,IX Australia QLD,Brisbane/Queensland,Australia,2012-03-22T00:00:00Z,20110000,2019/7/28,2019-08-07T01:01:31Z,http://www.ix.asn.au,https://metrics.ix.asn.au,['https://metrics.ix.asn.au/render/dashboard-solo/db/ix-aggregates?orgId=2&from=now-1d&to=now&panelId=16&var-polling_interval=5m&theme=light&width=1000&height=400'],OK (Grafana home page linked to IX aggregates Overview and Peers),2019/7/11
HK,356,1319,577,AMS-IX Hong Kong,AMS-IX Hong Kong,AMS-IX Hong Kong,Hong Kong,Asia Pacific,2012-03-28T00:00:00Z,20120401,2019/7/28,2019-08-07T10:00:56Z,http://www.ams-ix.hk,http://www.ams-ix.hk/total-traffic-statistics,"['https://stats-hk.ams-ix.net/cgi-bin/stats/16all?log=totalall;png=daily', 'https://stats-hk.ams-ix.net/cgi-bin/stats/sflow_grapher?type=ipv6;scale=normal;interval=daily']",Not OK (traffic data graphs available at https://www.ams-ix.net/hk/documentation/total-stats),2019/7/11
RU,384,195,580,stw-ix (STW-IX public peering VLAN),MSK-IX St. Petersburg,MSK-IX Stavropol,Stavropol,Europe,2012-05-23T00:00:00Z,20090000,2016/6/6,2019-08-07T10:01:28Z,http://www.msk-ix.ru/en/ix/stw,http://www.msk-ix.ru/en/traffic,,OK,2019/7/11
NO,192,,582,BIX Bergen (Bergen Internet Exchange),,BIX Bergen,Bergen,Europe,2012-05-24T00:00:00Z,,,2019-06-18T08:42:57Z,https://www.nix.no/,https://www.nix.no/statistics/,,OK,2019/7/11
GB,349,1332,583,LINX Manchester,IXManchester powered by LINX,LINX Manchester,Manchester,Europe,2012-06-02T00:00:00Z,20120429,2018/8/22,2019-08-07T13:04:58Z,http://www.linx.net,http://portal.linx.net,,OK,2019/7/11
AE,373,1341,587,UAE-IX (United Arab Emirates Internet Exchange),UAE-IX by DE-CIX,UAE-IX,Dubai,Middle East,2012-06-12T00:00:00Z,20120224,2019/7/28,2019-06-19T01:19:37Z,http://www.uae-ix.net,http://www.uae-ix.net/about-uae-ix/statistics/,"['https://www.uae-ix.net/traffic_DXB-2days-1170-400.png', 'https://www.uae-ix.net/traffic_DXB-2days-1170-400.png']",OK,2019/7/11
ZA,351,1306,592,NAPAfrica IX Johannesburg (NAPAfrica),NAPAfrica Johannesburg,NAPAfrica IX Johannesburg,Johannesburg,Africa,2012-07-19T00:00:00Z,20120000,2019/7/28,2019-08-07T07:02:05Z,https://www.napafrica.net,https://www.napafrica.net/napafrica-traffic/,['https://ix.nap.africa/images/jb1.png'],Not OK (404 Page not found but traffic data graphs available at https://www.napafrica.net/peering-traffic/),2019/7/11
ZA,648,1308,597,NAPAfrica IX Cape Town (NAPAfrica),NAPAfrica Cape Town,NAPAfrica IX Cape Town,Cape Town,Africa,2012-07-27T00:00:00Z,20120000,2019/7/28,2019-08-07T07:02:22Z,http://www.teraco.co.za,http://www.napafrica.net/napafrica-traffic/,['https://ix.nap.africa/images/ct1.png'],Not OK (404 Page not found but traffic data graphs available at https://www.napafrica.net/peering-traffic/),2019/7/11
BR,283,1275,603,Campina Grande (CPV) (IX.br - Campina Grande (CPV)),Ponto de Troca de Trafego do Campina Grande,IX.br (PTT.br) Campina Grande,Campina Grande/PB,South America,2012-07-30T00:00:00Z,20100928,2019/7/28,2019-06-17T20:26:20Z,http://ix.br,http://ix.br/trafego/agregado/cpv,['http://old.ix.br/stats/56bd40ebacb261ea9079e570301057b6/cpv/images/pix/agregado_bps-daily.png'],OK,2019/7/11
US,423,,627,SNAP (Southeast Network Access Point),,SNAP,Atlanta,North America,2012-11-20T00:00:00Z,,,2019-06-18T22:08:59Z,http://www.southeastnap.com/,http://www.southeastnap.com/about_us/statistics/,,Not OK (Coming soon),2019/7/11
CD,204,,628,KINIX (KINshasa Internet eXchange point),,KINIX,Kinshasa,Africa,2012-11-20T00:00:00Z,,,2019-06-17T22:58:15Z,http://www.ispa-drc.cd,http://www.ispa-drc.cd,,Not OK (No graph),2019/7/11
RU,489,1867,633,Sea-IX (South Russia IX),Sea-IX Internet exchange,Sea-IX,Krasnodar,Europe,2012-12-06T00:00:00Z,20121008,2019/7/28,2019-06-13T23:11:27Z,http://sea-ix.ru/,,['http://sea-ix.ru/images/stat/iptraf-daily.png'],*OK (Only daily),2019/8/8
BR,289,1444,638,S??o Jos¨¦ dos Campos (SJC) (IX.br - S??o Jos¨¦ dos Campos (SJC)),Ponto de Troca de Trafego do S??o Jos¨¦ dos Campos,IX.br (PTT.br) S??o Jos¨¦ dos Campos,Sao Jos¨¦ dos Campos/SP,South America,2012-12-17T00:00:00Z,20110000,2019/7/28,2019-06-17T14:58:12Z,http://ix.br,http://ix.br/trafego/agregado/sjc,['http://old.ix.br/stats/e3012aaf82b9f4310854c5e54aa02512/sjc/images/pix/agregado_bps-daily.png'],OK,2019/7/11
CA,398,1461,639,YYCIX (Calgary Internet Exchange),Calgary Internet Exchange,YYCIX,Calgary,North America,2013-01-02T00:00:00Z,20130103,2019/7/28,2019-08-07T13:04:58Z,http://yycix.ca,http://yycix.ca/graphs.html,"['https://www.yycix.ca/graphs/e_day.png', 'https://www.yycix.ca/graphs/e_day.png']",OK,2019/7/11
UA,165,1588,655,Giganet (Giganet),Giganet Internet Exchange,GigaNET,Kiev,Europe,2013-02-24T00:00:00Z,20120000,2019/7/28,2019-05-28T23:41:57Z,http://giganet.ua/en,http://giganet.ua/en/statistics,"['https://customer.giganet.ua/ix-daily.php', 'https://customer.giganet.ua/ix-daily.php']",OK,2019/7/11
US,268,1484,662,Phoenix-IX (Phoenix Internet Exchange),Phoenix-IX,Phoenix IX,Phoenix,North America,2013-03-12T00:00:00Z,20120901,2017/5/4,2019-06-19T00:27:20Z,http://www.phoenix-ix.net,http://phoenix-ix.net/traffic.html,,Not OK (No graph),2019/7/11
DE,431,1663,676,ECIX-FRA,European Commercial Internet Exchange Frankfurt,ECIX-FRA,Frankfurt,Europe,2013-04-09T00:00:00Z,20130408,0000-00-00,2019-08-01T13:01:12Z,https://www.ecix.net,https://www.ecix.net/infrastructure/statistics,,OK (should click the link),2019/7/11
RU,493,1988,683,YAR-IX (Yaroslavl Internet Exchange),Yaroslavl Internet Exchange,YAR-IX,Yaroslavl,Europe,2013-05-02T00:00:00Z,0,2019/7/28,2019-06-14T14:12:01Z,http://yar-ix.net,http://yar-ix.net/network/stat/,"['http://yar-ix.net/graph/total-yarix-daily.png', 'http://yar-ix.net/graph/total-yarix-daily.png']",OK,2019/7/11
AU,391,1473,691,SA-IX,South Australia Internet Exchange,IX Australia SA,Adelaide,Australia,2013-05-02T00:00:00Z,20130227,2019/7/28,2019-08-07T01:01:34Z,http://www.ix.asn.au,https://metrics.ix.asn.au,"['https://metrics.ix.asn.au/render/dashboard-solo/db/ix-aggregates?orgId=2&from=now-1d&to=now&panelId=20&var-polling_interval=5m&theme=light&width=600&height=400', 'https://metrics.ix.asn.au/render/dashboard-solo/db/ix-aggregates?orgId=2&from=now-1d&to=now&panelId=20&var-polling_interval=5m&theme=light&width=600&height=400']",OK (Grafana home page linked to IX aggregates Overview and Peers),2019/7/11
GH,92,93,694,GIX - Accra (Ghana Internet Exchange),Ghana Internet Exchange,GIXA,Accra,Africa,2013-05-15T00:00:00Z,20051018,2019/4/20,2019-05-28T06:10:32Z,http://www.gixa.org.gh,http://www.gixa.org.gh/trafficgraph.html,,Not OK (404 Page not found but traffic data graphs available at http://www.gixa.org.gh/technical/statistics/),2019/7/11
BG,413,1623,699,NetIX (NetIX),NetIX,NetIX,Sofia,Europe,2013-05-26T00:00:00Z,20130101,2019/7/28,2019-06-18T22:05:46Z,http://www.netix.net,http://212.73.140.125/summary/,"['https://212.73.140.125/cacti-exports/graphs/graph_438_1.png', 'https://212.73.140.125/cacti-exports/graphs/graph_438_1.png']",Not OK (ERR_CERT_COMMON_NAME_INVALID),2019/7/11
CA,399,1316,703,MBIX (Manitoba Internet Exchange),Manitoba Internet Exchange,MBIX,Winnipeg  Manitoba,North America,2013-06-01T00:00:00Z,20130729,2019/7/28,2019-06-12T21:32:19Z,http://www.mbix.ca/,http://www.mbix.ca/statistics/,"['http://www.mbix.ca/cacti/graph_image.php?action=view&local_graph_id=372&rra_id=5', 'http://www.mbix.ca/cacti/graph_image.php?action=view&local_graph_id=372&rra_id=5']",OK,2019/7/11
BR,264,1200,705,Recife (PE) (IX.br - Recife (PE)),Ponto de Troca de Trafego do Recife,IX.br (PTT.br) Recife,Recife/PE,South America,2013-06-15T00:00:00Z,20091201,2019/7/28,2019-06-17T20:25:51Z,http://ix.br,http://ix.br/trafego/agregado/pe,"['http://old.ix.br/stats/f4a27f4bb8f3c1600fa87f7ba51f95d5/pe/images/pix/agregado_bps-daily.png', 'http://old.ix.br/stats/f4a27f4bb8f3c1600fa87f7ba51f95d5/pe/images/pix/agregado_bps-daily.png']",OK,2019/7/11
BR,377,1446,706,Vit¨®ria (VIX) (IX.br -  Vit¨®ria (VIX)),Ponto de Troca de Trafego do Vit¨®ria,IX.br (PTT.br) Vit¨®ria,Vit¨®ria/ES,South America,2013-06-15T00:00:00Z,20120000,2019/7/28,2019-06-17T20:28:15Z,http://ix.br,http://ix.br/trafego/agregado/vix,"['http://old.ix.br/stats/92d46ba66e511a9ce784d1dab41911f7/vix/images/pix/agregado_bps-daily.png', 'http://old.ix.br/stats/92d46ba66e511a9ce784d1dab41911f7/vix/images/pix/agregado_bps-daily.png']",OK,2019/7/11
BR,375,1442,707,Manaus (MAO) (IX.br - Manaus (MAO)),Ponto de Troca de Trafego do Manaus,IX.br (PTT.br) Manaus,Manaus/AM,South America,2013-06-15T00:00:00Z,20130100,2019/7/28,2019-06-17T08:51:50Z,http://ix.br,http://ix.br/trafego/agregado/mao,['http://old.ix.br/stats/95cde10d825361b3d70a5973ed4a6c91/mao/images/pix/agregado_bps-daily.png'],OK,2019/7/11
BR,379,,708,Natal (NAT) (IX.br - Natal (NAT)),,IX.br (PTT.br) Natal,Natal/RN,South America,2013-06-15T00:00:00Z,,,2019-06-17T20:29:10Z,http://ix.br,http://ix.br/trafego/agregado/nat,,OK,2019/7/11
BR,374,1445,709,S??o Jos¨¦ do Rio Preto (SJP) (IX.br - S??o Jos¨¦ do Rio Preto (SJP)),Ponto de Troca de Trafego do S??o Jos¨¦ do Rio Preto,IX.br (PTT.br) S??o Jos¨¦ do Rio Preto,S??o Jos¨¦ do Rio Preto/SP,South America,2013-06-15T00:00:00Z,20130100,2019/7/28,2019-06-18T12:04:56Z,http://ix.br,http://ix.br/trafego/agregado/sjp,['http://old.ix.br/stats/8ae6bb843462f9afeaad741bc2119183/sjp/images/pix/agregado_bps-daily.png'],OK,2019/7/11
BR,263,1089,710,Fortaleza (CE) (IX.br - Fortaleza (CE)),Ponto de Troca de Trafego do Fortaleza,IX.br (PTT.br) Fortaleza,Fortaleza/CE,South America,2013-06-16T00:00:00Z,20081001,2019/7/28,2019-06-17T14:41:55Z,http://ix.br,http://ix.br/trafego/agregado/ce,"['http://old.ix.br/stats/dd851cb5bcb8b5ed4ee7231a0cc6a5ec/ce/images/pix/agregado_bps-daily.png', 'http://old.ix.br/stats/dd851cb5bcb8b5ed4ee7231a0cc6a5ec/ce/images/pix/agregado_bps-daily.png']",OK,2019/7/11
BR,378,1440,711,Bel¨¦m (BEL) (IX.br Bel¨¦m (BEL)),Ponto de Troca de Trafego do Bel¨¦m,IX.br (PTT.br) Bel¨¦m,Bel¨¦m/PA,South America,2013-06-16T00:00:00Z,20110600,2019/7/28,2019-06-17T20:28:40Z,http://ix.br,http://ix.br/trafego/agregado/bel,"['http://old.ix.br/stats/ff3d72ee5bf5de680178c1a0e28b8c64/bel/images/pix/agregado_bps-daily.png', 'http://old.ix.br/stats/ff3d72ee5bf5de680178c1a0e28b8c64/bel/images/pix/agregado_bps-daily.png']",OK,2019/7/11
CZ,410,1758,713,Peering.cz (Commercial peering center in Prague),Peering.cz,Peering.cz,Prague  Bratislava  Vienna,Europe,2013-06-23T00:00:00Z,20121017,2018/5/1,2019-06-13T22:05:41Z,http://www.peering.cz,http://www.peering.cz/traffic,,Not OK (traffic data graphs available at https://www.peering.cz/statistics),2019/7/11
AU,394,1585,716,NSW-IX,New South Wales IX,IX Australia NSW,Sydney/NSW,Australia,2013-06-25T00:00:00Z,20130000,2019/7/28,2019-08-07T01:01:26Z,http://www.ix.asn.au,https://metrics.ix.asn.au,['https://metrics.ix.asn.au/render/dashboard-solo/db/ix-aggregates?orgId=2&from=now-1d&to=now&panelId=14&var-polling_interval=5m&theme=light&width=600&height=400'],OK (Grafana home page linked to IX aggregates Overview and Peers),2019/7/11
GB,409,1701,745,LINX Scotland,IXScotland powered by LINX,LINX Scotland,Scotland,Europe,2013-08-20T00:00:00Z,20131000,2018/8/22,2019-08-07T13:04:58Z,http://www.linx.net,http://portal.linx.net,,OK,2019/7/11
CA,386,1540,776,WPG-IX (Winnipeg Internet Exchange),Winnipeg Internet Exchange,WPGIX,Winnipeg,North America,2013-10-06T00:00:00Z,20130500,2019/3/18,2019-06-12T21:21:22Z,http://wpgix.net/,http://wpgix.net/ix-daily.png,,Not OK (Connection refused),2019/7/25
US,426,1678,777,LINX NoVA,LINX NoVa,LINX NoVA,Northern Virginia,North America,2013-10-10T00:00:00Z,20140300,2018/8/22,2019-08-07T13:04:58Z,https://www.linx.net/linx-nova,https://stats.linx.net/lans#nva1,,Not OK (404 Page not found),2019/7/25
AU,563,1958,779,IX-MEL (Melbourne IX),Megaport IX Melbourne,MegaIX Melbourne,Melbourne,Australia,2013-10-25T00:00:00Z,20130900,0000-00-00,2019-08-06T06:01:33Z,https://megaport.com,https://www.megaport.com/services/ix-statistics/,,OK (Main page that has links to all the traffic graph of several IXPs),2019/7/25
AU,570,1916,780,IX-SYD (Sydney IX),Megaport IX Sydney,MegaIX Sydney,Sydney,Australia,2013-10-25T00:00:00Z,20130900,0000-00-00,2019-08-06T06:01:21Z,https://megaport.com,https://www.megaport.com/services/ix-statistics/,,OK (Main page that has links to all the traffic graph of several IXPs),2019/7/25
AU,606,1957,781,IX-BNE (Brisbane IX),Megaport IX Brisbane,MegaIX Brisbane,Brisbane,Australia,2013-10-25T00:00:00Z,20130900,0000-00-00,2019-08-06T06:01:30Z,https://megaport.com,https://www.megaport.com/services/ix-statistics/,,OK (Main page that has links to all the traffic graph of several IXPs),2019/7/25
BR,497,1808,790,Lajeado (LAJ) (IX.br - Lajeado (LAJ)),Ponto de Troca de Trafego do Lajeado,IX.br (PTT.br) Lajeado,Lajeado/RS,South America,2013-10-22T00:00:00Z,20130300,2019/7/28,2019-06-14T14:18:38Z,http://ix.br/,http://ix.br/trafego/agregado/laj,['http://old.ix.br/stats/91edce7194e571c167cbb8ec1adc2e89/laj/images/pix/agregado_bps-daily.png'],OK,2019/7/25
DE,404,,796,BREM-IX (Bremen Internet Exchange),,BREM-IX,Bremen,Europe,2013-11-02T00:00:00Z,,,2019-06-13T21:41:58Z,http://www.brem-ix.net/,http://www.brem-ix.net/traffic,,Not OK (ERR_CERT_DATE_INVALID),2019/7/25
US,425,,804,DE-CIX NYC (DE-CIX New York),,DE-CIX New York,New York,North America,2013-11-13T00:00:00Z,,,2019-08-06T17:01:32Z,https://www.de-cix.net/locations/united-states/new-york,https://www.de-cix.net/locations/united-states/new-york/statistics,,OK,2019/7/25
US,419,1900,809,OmahaIX (Omaha Internet Exchange),OmahaIX,OmahaIX,Omaha,North America,2013-11-26T00:00:00Z,20140100,2019/7/28,2019-06-18T12:06:45Z,http://www.omahaix.com,,['https://www.omahaix.com/images/graph_145_1.png'],*OK (Only daily),2019/8/8
CI,205,,810,CIVIX (Cote d¡¯Ivoire Internet eXchange Point),,CIVIX,Abidjan,Africa,2013-12-06T00:00:00Z,,,2019-06-19T00:25:49Z,http://www.civix.ci,http://stats.civix.ci/cacti/graph_view.php,,OK (username: civix  password: civix),2019/7/25
BR,498,,818,Maring¨¢ (MGF) (IX.br - Maring¨¢ (MGF)),,IX.br (PTT.br) Maring¨¢,Maring¨¢/PR,South America,2014-01-08T00:00:00Z,,,2019-06-14T14:19:17Z,http://ix.br/,http://ix.br/trafego/agregado/mgf,,OK,2019/7/25
TW,185,237,823,TPIX - Taipei (Taipei Internet Exchange),Taipei Internet Exchange (TPIX),TPIX-TW,Taipei/Taiwan,Asia Pacific,2014-01-26T00:00:00Z,20020702,2019/7/28,2019-06-10T11:06:57Z,http://www.tpix.net.tw/,http://www.tpix.net.tw/traffic.html,"['https://mrtg.chief.com.tw/outputPNG.php?P=MjAxNDAxMjQwMDo6ZGF5', 'https://mrtg.chief.com.tw/outputPNG.php?P=MjAxNDAxMjQwMDo6ZGF5']",OK,2019/7/25
IN,634,,832,Mumbai IX (Mumbai IX),,Mumbai IX,Mumbai,Asia Pacific,2014-02-19T00:00:00Z,,,2019-06-16T18:46:10Z,https://www.mumbai-ix.net,https://www.mumbai-ix.net/en/graph,,OK (last updated: 2019/6/25),2019/7/25
US,656,884,833,TPA-IX (Tampa Internet Exchange),Tampa Internet Exchange,TPAIX,Tampa,North America,2014-02-22T00:00:00Z,20151005,2019/7/28,2019-06-16T20:23:03Z,http://www.tpaix.net,,['http://216.139.195.7/cacti/graph_image.php?action=view&local_graph_id=2266&rra_id=1'],*OK (Only daily),2019/8/8
AM,372,,851,ARMIX (Armenian Internet Traffic Exchange),,ArmIX,Yerevan,Europe,2014-04-06T00:00:00Z,,,2019-06-18T02:16:57Z,http://armix.am,http://mrtg.armix.am/mrtg1/,,OK (should click the figure first),2019/7/25
BR,500,1807,859,Cuiab¨¢ (CGB) (IX.br - Cuiab¨¢ (CGB)),Ponto de Troca de Tr¨¢fego do Cuiab¨¢,IX.br (PTT.br) Cuiab¨¢,Cuiab¨¢/MT,South America,2014-04-25T00:00:00Z,20140700,2019/7/28,2019-06-16T17:40:45Z,http://ix.br,http://ix.br/trafego/agregado/cgb,"['http://old.ix.br/stats/dd9ca9df6af28c1b48bd5d0d1168b1d8/cgb/images/pix/agregado_bps-daily.png', 'http://old.ix.br/stats/dd9ca9df6af28c1b48bd5d0d1168b1d8/cgb/images/pix/agregado_bps-daily.png']",OK,2019/7/25
CZ,588,,864,BR-IX (Brno Internet Exchange Point),,BR-IX,Brno,Europe,2014-05-05T00:00:00Z,,,2019-06-17T09:07:08Z,http://www.br-ix.cz,http://br-ix.cz/stats.png,,OK (just one single png graph),2019/7/25
RU,141,,876,RED-IX (RED-IX (former KRS-IX)),,RED-IX,Krasnoyarsk,Europe,2014-06-16T00:00:00Z,,,2019-06-17T20:16:18Z,http://webra.ru,http://www.red-ix.ru/members/statistics,,OK,2019/7/25
FR,434,1656,880,France-IX (FranceIX Marseille),France-IX Marseille,France-IX Marseille,Marseille,Europe,2014-06-16T00:00:00Z,20110000,2019/7/28,2019-08-05T10:01:06Z,https://www.franceix.net/en/france-ix-marseille/,https://tools.franceix.net/pops,"['https://tools.franceix.net/static/images/observium/all-mrs-1d.png', 'https://tools.franceix.net/static/images/observium/all-mrs-1d.png']",OK,2019/7/25
NA,,1784,922,,Windhoek IXP,IXP Namibia,Windhoek,Africa,2014-08-26T00:00:00Z,20140307,0000-00-00,,http://dev.ixp.org.na/,http://dev.ixp.org.na/graphs/,,Not OK (Account has been suspended),2019/7/25
US,532,1841,935,AMS-IX USA Bay Area,AMS-IX Bay Area,AMS-IX BA,San Francisco  San Jose,North America,2014-09-18T00:00:00Z,20140910,2019/7/28,2019-08-07T10:01:02Z,http://bay.ams-ix.net,,"['https://stats-ba.us.ams-ix.net/cgi-bin/stats/16all?log=totalall;png=daily', 'https://stats-ba.us.ams-ix.net/cgi-bin/stats/sflow_grapher?type=ipv6;counter=bps;scale=normal;interval=daily']",*OK,2019/8/8
US,635,1878,938,TahoeIX (Tahoe Internet Exchange),Tahoe Internet Exchange ,TahoeIX,Northern Nevada,North America,2014-09-29T00:00:00Z,20140912,2019/8/7,2019-06-16T18:46:44Z,http://www.tahoeix.org,http://www.tahoeix.org#stats,['https://www.tahoeix.org/mrtg/ix_traffic-day.png'],OK,2019/7/25
TT,536,,940,TTIX,,TTIX,Barataria,South America,2014-09-29T00:00:00Z,,,2019-06-18T23:28:30Z,https://ix.tt,https://ix.tt/statistics,,OK (Only graphs for TTIX2 Sourthern IXP   no graphs for TTIX Northern IXP),2019/7/25
US,533,1847,944,AMS-IX USA Chicago,AMS-IX Chicago,AMS-IX Chicago,Chicago,North America,2014-09-29T00:00:00Z,20141007,2019/7/28,2019-08-07T10:00:59Z,https://chi.ams-ix.net,https://chi.ams-ix.net/statistics,"['https://stats-chi.us.ams-ix.net/cgi-bin/stats/16all?log=totalall;png=daily', 'https://stats-chi.us.ams-ix.net/cgi-bin/stats/sflow_grapher?type=ipv6;counter=bps;scale=normal;interval=daily', 'https://stats-chi.us.ams-ix.net/cgi-bin/stats/16all?log=totalall;png=daily', 'https://stats-chi.us.ams-ix.net/cgi-bin/stats/sflow_grapher?type=ipv6;counter=bps;scale=normal;interval=daily']",Not OK (traffic graphs available at https://www.ams-ix.net/chi/documentation/total-stats),2019/7/25
US,543,,954,FL-IX (Florida Internet Exchange),,FL-IX,Miami,North America,2014-10-08T00:00:00Z,,,2019-06-17T17:38:20Z,http://www.communityix.org/index.php/about-fl-ix/,https://my.fl-ix.net/ixp_peering-flix-agg-bits-month.png,,OK (just one single png graph),2019/7/25
SG,574,1915,965,IX-SIN (Singapore IX),MegaPort IX Singapore,MegaIX Singapore,Singapore,Asia Pacific,2014-10-23T00:00:00Z,0,0000-00-00,2019-08-06T06:01:37Z,https://megaport.com,https://www.megaport.com/services/ix-statistics/,,OK (Main page that has links to all the traffic graph of several IXPs),2019/7/25
DJ,549,1929,967,DjIX (Djibouti IX),DjIX,DjIX,Djibouti,Africa,2014-11-02T00:00:00Z,20170000,2019/7/28,2019-06-18T12:15:46Z,http://www.djiboutidatacenter.com/,,['https://portal.djix.dj/grapher/ixp?id=1&type=png'],*OK (Only daily),2019/8/8
ZA,649,1840,969,NAPAfrica IX Durban (NAPAfrica),NAPAfrica Durban,NAPAfrica IX Durban,Durban,Africa,2014-11-02T00:00:00Z,20140000,2019/7/28,2019-08-07T07:02:31Z,http://www.napafrica.net/napafrica-traffic/durban-internet-exchange/,http://www.napafrica.net/napafrica-traffic/,"['https://ix.nap.africa/images/db1.png', 'https://ix.nap.africa/images/db1.png']",Not OK (404 Page not found),2019/7/25
AU,323,1008,976,ACT-IX,IX Australia ACT,IX Australia ACT,Canberra/ACT,Australia,2014-11-05T00:00:00Z,20081001,0000-00-00,2019-08-07T01:01:26Z,http://www.ix.asn.au,https://metrics.ix.asn.au,,OK (Grafana home page linked to IX aggregates  Overview and Peers),2019/7/25
NZ,586,1880,977,AKL-IX (Auckland Internet Exchange),Auckland Internet Exchange,AKL-IX,Auckland,Australia,2014-11-05T00:00:00Z,20141107,2018/10/8,2019-06-18T12:16:33Z,http://www.ix.nz,https://metrics.ix.nz/,,OK (Grafana home page linked to IX aggregates Overview and Peers),2019/7/25
NZ,572,1879,984,IX-AKL (Auckland IX),MegaPort-IX Auckland,MegaIX Auckland,Auckland,Australia,2014-11-26T00:00:00Z,20141120,0000-00-00,2019-08-06T06:01:39Z,https://megaport.com,https://www.megaport.com/services/ix-statistics/,,OK (Main page that has links to all the traffic graph of several IXPs),2019/7/25
US,653,1891,986,MidWest-IX - Indy,Midwest-IX,MidWest-IX - Indy,Indianapolis  Indiana,North America,2014-11-26T00:00:00Z,20150000,2019/7/28,2019-06-16T20:06:37Z,http://www.midwest-ix.com,,['http://indy-ixpm.midwest-ix.com/ixp/day.png'],*OK (Only daily),2019/8/8
US,662,,1006,DET-IX (Detroit Internet Exchange),,DET-IX,Detroit,North America,2015-01-12T00:00:00Z,,,2019-06-18T23:42:29Z,http://www.detroitix.com,http://stats.detroitix.com,,Not OK (Need to login),2019/7/25
AO,531,1848,1007,angonix,ANGONIX,angonix,Luanda,Africa,2015-01-12T00:00:00Z,20150309,2019/7/28,2019-06-19T21:08:40Z,http://angonix.net/,http://angonix.net/about-angonix/statistics/,['https://ixp.angonix.net/statistics/ixp_peering-angonix-bits-day.png'],OK,2019/7/25
AT,663,1979,1009,Tirol-IX (Tirol-IX),Tirol-IX,Tirol-IX,Innsbruck/Tirol,Europe,2015-01-13T00:00:00Z,0,0000-00-00,2019-06-18T23:43:05Z,http://tirol-ix.at/,http://tirol-ix.at/,,Not OK (name not resolved),2019/7/25
GB,544,,1016,LINX Cardiff,,LINX Cardiff,Cardiff,Europe,2015-01-30T00:00:00Z,,,2019-08-07T13:04:58Z,https://www.linx.net/,http://portal.linx.net,,OK,2019/7/25
BJ,545,1838,1017,Benin-IX (Benin Internet eXchange),Benin IX,BENIN-IX,Cotonou,Africa,2015-01-30T00:00:00Z,20131200,2019/8/7,2019-06-18T23:30:52Z,http://www.benin-ix.org.bj,,['https://benin-ix.org.bj/graphs/aggregate-day.png'],*OK (Only daily),2019/8/8
FR,564,2021,1019,AuvernIX (AuvernIX),AuvernIX,AuvernIX,Clermont-Ferrand,Europe,2015-01-30T00:00:00Z,20121030,2019/7/28,2019-08-07T13:04:58Z,http://www.auvernix.org,http://www.auvernix.org/nos-outils/,['http://traf.auvernix.net/traffic.png'],OK,2019/7/25
CR,541,,1023,CRIX (NIC Costa Rica - Academia Nacional de Ciencias),,CRIX,San Jose,North America,2015-02-07T00:00:00Z,,,2019-08-07T13:04:58Z,https://www.crix.cr/,https://www.crix.cr/estadisticas,,OK,2019/7/25
TH,587,1866,1025,Bangkok Neutral Internet Exchange (BKNIX),Bangkok Neutral Internet Exchange,BKNIX,Bangkok,Asia Pacific,2015-02-16T00:00:00Z,20150209,2019/7/28,2019-08-07T13:04:58Z,https://bknix.co.th,https://bknix.co.th/en/statistics,"['https://bknix.co.th/data/images/traffic/current_total_ix.png', 'https://bknix.co.th/data/images/traffic/current_total_ix_v6.png', 'https://bknix.co.th/data/images/traffic/current_total_ix.png', 'https://bknix.co.th/data/images/traffic/current_total_ix_v6.png']",OK,2019/7/25
RW,295,,1032,RINEX (Rwanda Internet Exchange),,RINEX,Kigali,Africa,2015-03-02T00:00:00Z,,,2019-08-07T13:04:58Z,http://www.rinex.org.rw,http://rinex.org.rw/spip.php?page=aggregate_traffic,,OK,2019/7/25
BG,731,1978,1056,IX-SOF (Sofia IX),Megaport MegaIX Sofia,MegaIX Sofia,Sofia,Europe,2015-04-06T00:00:00Z,20160600,0000-00-00,2019-08-06T06:01:46Z,https://megaport.com,https://www.megaport.com/services/ix-statistics/,,OK (Main page that has links to all the traffic graph of several IXPs),2019/7/25
AT,553,,1073,SAIX (Salzburg Internet eXchange),,SAIX,Salzburg,Europe,2015-05-20T00:00:00Z,,,2019-06-17T15:25:18Z,https://www.saix.at/,https://www.saix.at/statistics.html,,OK,2019/7/25
US,665,1077,1086,MASS IX (MASS IX),Massachusetts Internet Exchange,MASS-IX,Boston,North America,2015-05-12T00:00:00Z,20150514,2019/7/28,2019-06-19T00:40:34Z,http://www.mass-ix.net,http://www.mass-ix.net/peering.html#stats,"['http://portal.mass-ix.net/mass-ixp64-day.png', 'http://portal.mass-ix.net/mass-ixp64-day.png']",OK,2019/7/25
CH,632,1982,1094,GE-CIX (GE-CIX), Global Internet Exchange & Peering Network,GE-CIX,Zurich,Europe,2015-07-02T00:00:00Z,0,0000-00-00,2019-06-16T18:45:09Z,http://www.ge-cix.net/,http://www.ge-cix.net/get-connected/asns/,,Not OK (No graph),2019/7/25
TN,370,1474,1105,TunIXP (Tunisian Internet eXchange),Tunisian Internet Exchange Point,TunIXP,Tunis,Africa,2015-07-02T00:00:00Z,20110000,2015/3/5,2019-06-18T02:16:22Z,http://www.ati.tn/TunIXP/,http://webmaster@ati.tn,,Not OK (Coming soon),2019/7/25
IT,558,1890,1131,DE-CIX PMO (DE-CIX Palermo),DE-CIX Palermo,DE-CIX Palermo,Palermo,Europe,2015-08-26T00:00:00Z,20150902,2019/7/28,2019-07-15T09:02:23Z,https://pmo.de-cix.net,https://www.de-cix.net/en/locations/italy/palermo/statistics,['https://www.de-cix.net/traffic_PMO-2days-440-125.png'],OK,2019/7/25
ES,667,,1146,ESPANIX Madrid Upper LAN,,ESPANIX Madrid Upper LAN,Madrid,Europe,2015-10-01T00:00:00Z,,,2019-06-17T09:10:51Z,http://www.espanix.net,http://stats.espanix.net/,,OK,2019/7/25
FR,559,1894,1149,DE-CIX Marseille (DE-CIX Marseille),DE-CIX Marseille,DE-CIX Marseille,Marseille,Europe,2015-10-09T00:00:00Z,20150900,2019/7/28,2019-06-16T23:23:48Z,https://mrs.de-cix.net,https://www.de-cix.net/locations/france/marseille/statistics,"['https://www.de-cix.net/traffic_MRS-2days-1170-400.png', 'https://www.de-cix.net/traffic_MRS-2days-1170-400.png']",OK,2019/7/25
TR,560,1895,1150,DE-CIX Istanbul (DE-CIX Istanbul),DE-CIX Istanbul,DE-CIX Istanbul,Istanbul,Europe,2015-10-09T00:00:00Z,20150000,2019/7/28,2019-06-16T17:46:06Z,https://www.de-cix.net/locations/turkey/istanbul,https://www.de-cix.net/locations/turkey/istanbul/statistics,"['https://www.de-cix.net/traffic_IST-2days-1170-400.png', 'https://www.de-cix.net/traffic_IST-2days-1170-400.png']",OK,2019/7/25
RU,668,,1154,SFO-IX (SFO-IX),,SFO-IX,Barnaul  Novosibirsk,Europe,2015-10-22T00:00:00Z,,,2019-06-17T15:34:33Z,http://www.milecom.ru,http://sfo-ix.ru/statistika.html,,OK,2019/7/25
ES,724,1951,1160,NIXVAL (Neutral Internet Exchange Valencia),Neutral Internet Exchange Valencia,NIXVAL-ix,Valencia,Europe,2015-11-02T00:00:00Z,20090000,2019/7/28,2019-06-16T21:48:15Z,https://www.nixval.com/en/internet-exchange/,https://www.nixval.com/internet-exchange/#1461682919055-d347c803-0192,"['https://ixp.nixval.com/mrtg/ixp_peering-nixval_ixp-bits-day.png', 'https://ixp.nixval.com/mrtg/ixp_peering-nixval_ixp-bits-day.png']",Not OK (No graph),2019/7/25
CA,669,1882,1169,YEGIX (YEGIX),YEGIX Edmonton Internet Exchange,YEGIX,Edmonton,North America,2015-11-02T00:00:00Z,20150130,0000-00-00,2019-06-18T23:44:25Z,http://www.yegix.ca/,http://www.yegix.ca/,,Not OK (No graph),2019/7/25
CN,582,,1172,CHN-IX Beijing,,CHN-IX Beijing,Beijing,Asia Pacific,2015-12-01T00:00:00Z,,,2019-06-16T18:28:25Z,http://www.chn-ix.net,http://chn-ix.net/serviceability.html,,OK,2019/7/25
US,613,2008,1174,IX-SEA (Seattle IX),Megaport Seattle,MegaIX Seattle,Seattle,North America,2015-12-08T00:00:00Z,0,0000-00-00,2019-08-06T06:01:41Z,https://megaport.com,https://www.megaport.com/services/ix-statistics/,,OK (Main page that has links to all the traffic graph of several IXPs),2019/7/25
US,611,1932,1175,IX-LAX (Los Angeles IX),Megaport IX Los Angeles,MegaIX Los Angeles,Los Angeles,North America,2015-12-08T00:00:00Z,20161104,0000-00-00,2019-08-06T06:01:42Z,https://megaport.com,https://www.megaport.com/services/ix-statistics/,,OK (Main page that has links to all the traffic graph of several IXPs),2019/7/25
US,610,2005,1180,IX-DAL (Dallas IX),Megaport Dallas,MegaIX Dallas,Dallas,North America,2015-12-08T00:00:00Z,0,0000-00-00,2019-08-06T06:01:44Z,https://megaport.com,https://www.megaport.com/services/ix-statistics/,,OK (Main page that has links to all the traffic graph of several IXPs),2019/7/25
US,650,1901,1207,IX-Denver (Interconnection Exchange Denver),Interconnection eXchange Denver,IX-Denver,Denver,North America,2016-01-10T00:00:00Z,20150000,0000-00-00,2019-07-03T17:01:05Z,https://ix-denver.org,https://portal.ix-denver.org/statistics/ixp,,OK,2019/7/25
KH,432,,1209,CNX (Cambodian Network Exchange),,CNX,Phnom Penh,Asia Pacific,2016-01-13T00:00:00Z,,,2019-06-17T08:53:39Z,http://cnx.net.kh,http://cnx.net.kh/traffic/,,OK,2019/7/25
DE,565,1919,1214,DE-CIX DUS (DE-CIX Dusseldorf),DE-CIX D¨¹sseldorf,DE-CIX Dusseldorf,D¨¹sseldorf,Europe,2016-01-28T00:00:00Z,20110000,2019/7/28,2019-08-06T12:01:36Z,https://www.de-cix.net/locations/germany/dusseldorf,https://dus.de-cix.net,['https://www.de-cix.net/traffic_DUS-2days-1170-400.png'],Not OK (No graph),2019/7/25
AU,607,1959,1235,IX-PER (Perth IX),Megaport IX Perth,MegaIX Perth,Perth,Australia,2016-02-27T00:00:00Z,20130000,0000-00-00,2019-08-06T06:01:44Z,https://megaport.com,https://www.megaport.com/services/ix-statistics/,,OK (Main page that has links to all the traffic graph of several IXPs),2019/7/25
RU,678,,1242,W-IX (W-IX),,W-IX,Moscow,Europe,2016-03-18T10:53:09Z,,,2019-06-18T23:49:17Z,http://www.w-ix.ru,https://www.w-ix.ru/i/w-ix-g.png,,OK (just one single png graph),2019/7/25
US,580,2067,1249,DE-CIX Dallas (DE-CIX Dallas),INEX Cork,DE-CIX Dallas,Dallas,North America,2016-03-22T15:29:10Z,20160400,0000-00-00,2019-06-16T18:04:22Z,https://www.de-cix.net/en/locations/united-states/dallas,https://www.de-cix.net/locations/united-states/dallas/statistics,,OK,2019/7/25
BR,616,,1276,Foz do Igua??u (IGU) (IX.br - Foz do Igua??u (IGU)),,IX.br (PTT.br) Foz do Igua??u,Foz do Igua??u/PR,South America,2016-04-13T10:59:21Z,,,2019-06-17T09:08:51Z,http://ix.br/,http://ix.br/trafego/agregado/igu,,OK,2019/7/25
ES,470,,1277,DE-CIX MAD (DE-CIX Madrid),,DE-CIX Madrid,Madrid,Europe,2016-04-13T14:11:26Z,,,2019-08-07T12:01:48Z,https://mad.de-cix.net,https://www.de-cix.net/locations/spain/madrid/statistics,,OK,2019/7/25
US,679,,1285,SIX Seattle (Jumbo) (Seattle Internet Exchange (9000 MTU)),,SIX Seattle (Jumbo),Seattle,North America,2016-04-21T14:40:58Z,,,2019-06-18T23:50:09Z,https://www.seattleix.net/,https://www.seattleix.net/statistics/,,OK,2019/7/25
CA,575,1926,1307,IX-TOR (Toronto IX),CNIX China Internet Exchange,MegaIX Toronto,Toronto,North America,2016-05-12T14:56:25Z,20150300,0000-00-00,2019-08-06T06:01:44Z,https://megaport.com,https://www.megaport.com/services/ix-statistics/,,OK (Main page that has links to all the traffic graph of several IXPs),2019/7/25
NL,681,,1308,LSIX,,LSIX,The Hague,Europe,2016-05-12T17:46:39Z,,,2019-06-19T01:21:20Z,https://lsix.net,https://my.lsix.net,,Not OK (traffic graph available at https://my.lsix.net/statistics/ixp),2019/7/25
FR,576,227,1312,OuestIX (OuestIX),Netnod Stockholm,OuestIX,Nantes,Europe,2016-05-17T13:49:46Z,19970000,2019/7/28,2019-06-16T17:58:55Z,http://www.ouestix.fr/,,"['https://www.netnod.se/ix-stats/sums/Stockholm_day_sum.png', 'https://www.netnod.se/ix-stats/sums/Stockholm_day_sum.png']",*OK (Two links are the same),2019/8/8
IN,117,,1317,NIXI - Kolkata (National Internet Exchange of India - Kolkata),,NIXI Kolkata,Kolkata,Asia Pacific,2016-05-21T14:58:57Z,,,2019-06-18T08:38:34Z,http://nixi.in,http://nixi.in,,Not OK (name not resolved),2019/7/25
FR,,,1320,,,Hopus,Paris  Lyon  Marseille  Geneva  Amsterdam  Frankfurt,Europe,2016-05-25T11:26:20Z,,,,https://hopus.net,https://hopus.net/stats,,OK,2019/7/25
DE,747,1822,1329,Community-IX DE,CABASE IXP Bariloche,Community-IX,Berlin,Europe,2016-06-06T08:54:17Z,20140915,0000-00-00,2019-06-19T00:04:16Z,http://www.community-ix.de/,https://www.community-ix.de/technik/,,OK,2019/7/25
FI,171,1939,1332,FICIX - Espoo (Finnish Communication and Internet Exchange - Espoo),CABASE IXP Pergamino,FICIX 1 (Espoo),Espoo,Europe,2016-06-14T22:19:37Z,20151125,0000-00-00,2019-05-29T00:19:46Z,https://www.ficix.fi/,https://stats-ficix.basen.com/#/page?name=StatsWelcome&source=wiki,,OK,2019/7/25
MG,685,1937,1335,MGIX (Madagascar Global Internet eXchange),CABASE IXP San Luis,MGIX,Antananarivo,Africa,2016-06-18T12:04:25Z,20141014,0000-00-00,2019-06-18T23:51:01Z,http://www.mgix.mg,http://www.mgix.mg/statistiques/,,OK,2019/7/25
CN,,,1375,,,CHN-IX Shanghai,Shanghai,Asia Pacific,2016-07-19T07:29:03Z,,,,http://www.chn-ix.net,https://stats.chn-ix.net/index.html,,Not OK (ERR_CERT_REVOKED),2019/7/25
NO,199,1887,1418,TIX Troms?? (Troms?? Internet Exchange),Gabon Internet Exchange,TIX Troms??,Troms??,Europe,2016-08-22T23:28:39Z,20140000,0000-00-00,2019-06-18T08:43:42Z,https://www.nix.no,https://www.nix.no/statistics/,,OK,2019/7/25
NO,200,,1419,SIX Stavanger (Stavanger Internet Exchange),,SIX Stavanger,Stavanger,Europe,2016-08-22T23:30:20Z,,,2019-06-17T08:19:11Z,https://www.nix.no,https://www.nix.no/statistics/,,OK,2019/7/25
NO,193,2011,1420,TRDIX (Trondheim Internet Exchange),Extreme IX Hyderabad,TRDIX Trondheim,Trondheim,Europe,2016-08-22T23:33:31Z,20160623,0000-00-00,2019-06-17T08:16:16Z,https://www.nix.no,https://www.nix.no/statistics/,,OK,2019/7/25
FR,527,1966,1428,GrenoblIX (Grenoble Internet eXchange Point),YXEIX Saskatoon Internet Exchange,GrenoblIX,Grenoble,Europe,2016-09-06T12:26:33Z,20170718,2019/7/28,2019-08-07T13:04:58Z,http://grenoblix.net/,https://vm-monitoring-1.rezopole.net/stats-services/all_traffic_exchanged_grenoblix/grenoblix.html,"['http://yxeix.ca/graphs/e_day.png', 'http://yxeix.ca/graphs/e_day.png']",OK,2019/7/25
HK,590,2001,1449,BBIX - Hong Kong,PITChile Concepcion,BBIX Hong Kong,Hong Kong,Asia Pacific,2016-09-20T00:24:23Z,20180105,2019/7/28,2019-06-17T15:26:28Z,http://www.bbix.net/en/,,['https://www.pitchile.cl/graficos/snmp_SWCCP_ifpercentTOTAL-day.png'],*OK (Only daily),2019/8/8
FI,440,,1464,Equinix Helsinki (Equinix Helsinki),,Equinix Helsinki,Helsinki,Europe,2016-09-30T18:22:54Z,,,2019-08-07T13:04:58Z,https://www.equinix.fi/services/interconnection-connectivity/internet-exchange/,https://ix.equinix.com/,,Not OK (No graph),2019/7/25
GB,598,2012,1469,UNIFI-IX (UNIFI-IX),Baltic Internet Exchange,UNIFI-IX,London,Europe,2016-10-05T09:48:17Z,20170000,2019/7/28,2019-06-17T15:28:10Z,http://unifi-ix.net,,['http://stats.balt-ix.net/day.png'],*OK (Weekly),2019/8/8
AR,626,2002,1481,NAP CABASE - San Luis (NAP CABASE - San Luis),MEX-IX McAllen,CABASE-SLU - IX Argentina (San Luis),San Luis,South America,2016-10-14T18:14:52Z,20171000,0000-00-00,2019-06-18T22:24:52Z,http://www.cabase.org.ar,http://www.cabase.org.ar,,Not OK (No graph),2019/7/25
AR,795,,1484,CABASE-NGB - IX Argentina (Pilar),,CABASE-NGB - IX Argentina (Pilar),Pilar,South America,2016-10-14T18:16:58Z,,,2019-06-18T22:43:06Z,http://www.cabase.org.ar,http://www.cabase.org.ar,,Not OK (No graph),2019/7/25
MU,546,2069,1508,mixp (Mauritius Internet eXchange Point),LocIX,MIXP,Ebene,Africa,2016-11-03T12:24:30Z,20180000,2019/7/28,2019-06-18T23:31:23Z,http://www.mixp.org/,http://www.mixp.org/,['http://vmanage.vserver.site/cacti/graph_image.php?action=edit&local_graph_id=95&rra_id=1'],"""OK (But still have to click on the """"Statistics"""" label)""",2019/7/25
CL,680,,1514,PIT Santiago - PIT Chile,,PIT Santiago - PIT Chile,Santiago,South America,2016-11-11T11:54:40Z,,,2019-06-19T01:36:55Z,http://www.pitchile.cl,http://www.pitchile.cl/wp/?page_id=37,,OK,2019/7/25
PL,540,2038,1516,IX.LODZ.PL (Lodz Telecommunication Node),Philadelphia Internet Exchange,IX.LODZ.PL,??¨®d??,Europe,2016-11-13T17:51:15Z,20180500,0000-00-00,2019-06-17T15:24:16Z,http://ix.lodz.pl,http://ix.lodz.pl/statystyki/,,OK,2019/7/25
PY,,,1522,,,IXpy,San Lorenzo,South America,2016-11-18T22:03:49Z,,,,http://ix.py,http://monitor.ix.py,,Not OK (connection time out),2019/7/25
PH,232,,1561,PHOpenIX (Philippines Open Internet Exchange),,PhOpenIX-Manila,Manila,Asia Pacific,2016-12-23T02:16:52Z,,,2019-06-19T01:10:13Z,http://www.phopenix.net,http://www.phopenix.net/traffic,,OK,2019/7/25
IN,619,,1623,AMS-IX India,,AMS-IX India,Mumbai,Asia Pacific,2017-02-07T09:14:28Z,,,2019-08-07T10:00:54Z,https://ams-ix.in/,https://stats-mum.ams-ix.net/,,OK,2019/7/25
US,647,,1628,IX-LAS (Las Vegas IX),,MegaIX Las Vegas,Las Vegas,North America,2017-02-09T04:23:24Z,,,2019-08-06T06:01:46Z,https://megaport.com,https://www.megaport.com/services/ix-statistics/,,OK (Main page that has links to all the traffic graph of several IXPs),2019/7/25
EC,,,1660,,,IXP Ecuador - STD,Santo Domingo,South America,2017-03-03T20:27:04Z,,,,http://www.ixp.ec,http://www.ixp.ec,,OK (traffic graph availble at http://www.ixp.ec/#3),2019/7/25
US,684,,1668,CIX-ATL,,CIX-ATL,Atlanta,North America,2017-03-16T17:11:36Z,,,2019-06-17T17:37:34Z,http://www.communityix.org,https://atl.communityix.org/grapher/ixp?period=month,,OK (just one single png graph for month  but other graphs can be obtained by changing the string in url),2019/7/25
RU,,1616,1669,,Quebec Internet Exchange,BAIKAL-IX,Irkutsk,Europe,2017-03-17T01:35:57Z,20130100,2019/7/28,,https://baikal-ix.ru,,['https://qix.ca/assets/images/network-daily.png'],*OK (Only daily),2019/8/8
US,743,,1679,Northern New England Neutral Internet Exchange,,NNENIX,Portland,North America,2017-03-28T18:37:21Z,,,2019-06-17T15:42:37Z,http://www.nnenix.net,https://ixp.nnenix.net/statistics/ixp,,Not OK (ERR_CERT_DATE_INVALID),2019/7/25
BR,631,,1684,Aracaju (SE) (IX.br - Aracaju),,IX.br (PTT.br) Aracaju,Aracaju/SE,South America,2017-03-29T15:38:50Z,,,2019-06-16T18:44:24Z,http://ix.br/,http://ix.br/trafego/agregado/se,,OK,2019/7/25
IN,174,1886,1689,NIXI - Bangalore (National Internet Exchange of India - Bangalore),IXPN - Kano,NIXI Bangalore,Bangalore,Asia Pacific,2017-04-04T10:59:53Z,20190000,2019/7/28,2019-05-29T10:53:54Z,http://nixi.in/,,['http://rt1.ixp.net.ng/mrtg/kano-day.png'],*OK (Only daily),2019/8/8
IN,173,1885,1690,NIXI - Ahmedabad (National Internet Exchange of India - Ahmedabad),IXPN - Port Harcourt,NIXI Ahmedabad,Ahmedabad,Asia Pacific,2017-04-04T11:00:30Z,20120517,2019/8/7,2019-05-29T00:21:37Z,http://nixi.in/,,['http://rt1.ixp.net.ng/mrtg/phc-day.png'],*OK (Only daily),2019/8/8
LV,686,,1748,MSK-IX Riga,,MSK-IX Riga,Riga,Europe,2017-05-23T14:28:50Z,,,2019-06-18T23:58:41Z,http://www.msk-ix.ru/en/ix/rix,http://www.msk-ix.ru/en/traffic,,OK,2019/7/25
IN,772,2066,1786,EIX Chennai (Extreme Internet Exchange India),KazNIX,Extreme IX Chennai,Chennai,Asia Pacific,2017-06-22T12:01:14Z,20180000,2019/7/28,2019-08-06T14:01:52Z,http://extreme-ix.org,,['https://ixp.kaznix.kz/grapher/ixp?id=1&type=png'],*OK (Weekly),2019/8/8
NL,737,,1812,ams (Asteroid Amsterdam IX),,Asteroid Amsterdam,Amsterdam,Europe,2017-07-18T07:56:53Z,,,2019-08-07T13:04:58Z,https://www.asteroidhq.com/ixp-locations/1,https://www.asteroidhq.com/statistics/1,,OK,2019/7/25
CA,,,1829,,,YXEIX,Saskatoon,North America,2017-07-24T19:28:13Z,,,,http://yxeix.ca,http://yxeix.ca/graphs.html,,OK,2019/7/25
NL,,,1842,,,Speed-IX,Dronten,Europe,2017-08-03T20:17:52Z,,,,https://speed-ix.net,https://speed-ix.net/statistic/,,Not OK (404 Page not found),2019/7/25
BR,789,,1847,IX.br (PTT.br) Santa Maria,,IX.br (PTT.br) Santa Maria,Santa Maria/RS,South America,2017-08-08T18:24:38Z,,,2019-06-17T21:14:45Z,http://ix.br/,http://ix.br/trafego/agregado/ria,,OK,2019/7/25
CN,,,1861,,,CN-IX-SH,ShangHai,Asia Pacific,2017-08-18T03:20:35Z,,,,http://www.cn-ix.com,http://www.cn-ix.com,,Not OK (No graph),2019/7/25
CN,,,1862,,,CN-IX-BJ,BeiJing,Asia Pacific,2017-08-18T03:36:15Z,,,,http://www.cn-ix.com,http://www.cn-ix.com,,Not OK (No graph),2019/7/25
CN,,,1863,,,CN-IX-GZ,GuangZhou,Asia Pacific,2017-08-18T03:37:09Z,,,,http://www.cn-ix.com,http://www.cn-ix.com,,Not OK (No graph),2019/7/25
SE,712,,1868,STHIX - Gothenburg (Stockholm Internet eXchange AB),,STHIX - Gothenburg,Gothenburg,Europe,2017-08-23T08:54:22Z,,,2019-08-07T12:01:45Z,http://www.sthix.net,http://www.sthix.net,,Not OK (traffic graph available at https://www.sthix.net/index.php/home/statistics/),2019/7/25
DK,713,,1869,STHIX - Copenhagen (Stockholm Internet eXchange AB),,STHIX - Copenhagen,Copenhagen,Europe,2017-08-23T08:56:43Z,,,2019-08-07T12:01:46Z,http://www.sthix.net,https://www.sthix.net/index.php/home/statistics/,,OK,2019/7/25
NG,,,1870,,,IXPN Abuja,Abuja,Africa,2017-08-23T17:40:26Z,,,,http://www.ixp.net.ng,https://traffics.ixp.net.ng/sensor.htm?id=2876&tabid=1,,Not OK (ERR_CONNECTION_RESET),2019/7/25
CN,,,1886,,,Cnean,BeiJing,Asia Pacific,2017-08-29T09:13:57Z,,,,http://www.cnean.com,http://www.cnean.com,,Not OK (No graph),2019/7/25
PL,721,,1919,APLIX.PL (APLIX),,APLIX,Gdynia,Europe,2017-09-19T08:22:23Z,,,2019-06-16T21:39:56Z,http://www.aplix.pl,http://www.aplix.pl,,Not OK (No graph),2019/7/25
SE,718,,1923,Equinix Stockholm (Equinix Stockholm),,Equinix Stockholm,Stockholm,Europe,2017-09-22T14:00:51Z,,,2019-08-07T13:04:58Z,https://www.equinix.se/services/interconnection-connectivity/internet-exchange/,https://ix.equinix.com/,,Not OK (No graph),2019/7/25
IT,719,,1925,Equinix Milan (Equinix Milan),,Equinix Milan,Milan,Europe,2017-09-22T18:04:51Z,,,2019-08-07T13:04:58Z,https://www.equinix.it/services/interconnection-connectivity/internet-exchange/,https://ix.equinix.com/,,Not OK (No graph),2019/7/25
IE,714,,1926,Equinix Dublin (Equinix Dublin),,Equinix Dublin,Dublin,Europe,2017-09-22T18:06:18Z,,,2019-08-07T13:04:58Z,http://www.equinix.ie/services/interconnection-connectivity/internet-exchange/,https://ix.equinix.com/,,Not OK (No graph),2019/7/25
GB,717,,1927,Equinix Manchester (Equinix Manchester),,Equinix Manchester,Manchester,Europe,2017-09-22T18:07:36Z,,,2019-08-07T13:04:58Z,http://www.equinix.co.uk/services/interconnection-connectivity/internet-exchange/,https://ix.equinix.com/,,Not OK (No graph),2019/7/25
BR,787,,1983,IX.br (PTT.br) Jo??o Pessoa,,IX.br (PTT.br) Jo??o Pessoa,Jo??o Pessoa/PB,South America,2017-10-27T17:08:20Z,,,2019-06-17T20:53:17Z,http://ix.br/,http://ix.br/trafego/agregado/jpa,,OK,2019/7/25
GB,716,,1997,Equinix London (Equinix London),,Equinix London,London,Europe,2017-11-06T11:14:19Z,,,2019-08-07T13:04:58Z,https://www.equinix.co.uk/services/interconnection-connectivity/internet-exchange/,https://ix.equinix.com/,,Not OK (No graph),2019/7/25
DE,715,,1998,Equinix Frankfurt (Equinix Frankfurt),,Equinix Frankfurt,Frankfurt,Europe,2017-11-06T11:14:25Z,,,2019-08-07T13:04:58Z,https://www.equinix.de/services/interconnection-connectivity/internet-exchange/,https://ix.equinix.com/,,Not OK (No graph),2019/7/25
US,729,,1999,PIT-IX (Pittsburgh Internet Exchange),,PIT-IX,Pittsburgh,North America,2017-11-07T18:08:16Z,,,2019-06-16T21:49:40Z,https://pit-ix.net,https://pit-ix.net/stats,,Not OK (traffic graph available at https://pit-ix.net/#section-services),2019/7/25
AL,746,,2004,ANIX (Albanian Neutral Internet eXchange),,ANIX - Albanian Neutral Internet eXchange,Tirana,Europe,2017-11-13T14:18:57Z,,,2019-02-20T10:06:14Z,http://www.anix.al,http://www.anix.al/stats,,Not OK (graphs cannot be loaded),2019/7/25
LT,741,,2005,BALT-IX (Baltic Internet Exchange),,BALT-IX,Vilnius,Europe,2017-11-14T08:28:53Z,,,2019-06-17T10:01:41Z,http://www.balt-ix.lt,http://stats.balt-ix.net,,OK,2019/7/25
NL,779,,2031,Equinix Amsterdam,,Equinix Amsterdam,Amsterdam,Europe,2017-12-06T10:45:13Z,,,2019-06-16T21:28:47Z,https://www.equinix.nl/services/interconnection-connectivity/internet-exchange/,https://ix.equinix.com/,,Not OK (No graph),2019/7/25
US,,,2032,,,Sacramento-IX,Sacramento,North America,2017-12-08T02:22:00Z,,,,http://www.sacramento-ix.net,http://www.sacramento-ix.net,,Not OK (error between cloudflare and origin web server),2019/7/25
RU,,,2035,,,Eurasia Peering IX,Moscow,Europe,2017-12-11T17:23:26Z,,,,http://eurasiapeering.com/,http://eurasiapeering.com/traffic.htm,,OK,2019/7/25
AR,794,,2039,CABASE-OGB - IX Argentina (Moreno),,CABASE-OGB - IX Argentina (Moreno),Moreno,South America,2017-12-12T21:29:44Z,,,2019-06-18T22:40:46Z,http://www.cabase.org.ar,http://www.cabase.org.ar,,Not OK (No graph),2019/7/25
AR,707,,2040,NAP CABASE - Resistencia (NAP CABASE - Resistencia),,CABASE-RST - IX Argentina (Resistencia),Resistencia,South America,2017-12-12T21:39:07Z,,,2019-06-17T09:16:28Z,http://www.cabase.org.ar,http://www.cabase.org.ar,,Not OK (No graph),2019/7/25
CA,,,2070,,,MonctonIX,Moncton,North America,2018-01-18T19:29:41Z,,,,http://monctonix.ca,http://monctonix.ca,,Not OK (No graph),2019/7/25
BR,792,,2078,IX.br (PTT.br) Teresina,,IX.br (PTT.br) Teresina,Teresina/PI,South America,2018-01-23T10:56:25Z,,,2019-06-17T21:07:29Z,http://ix.br/,http://ix.br/trafego/agregado/the,,OK,2019/7/25
DE,775,,2084,LocIX (LocIX Internet Exchange),,LocIX,Frankfurt am Main,Europe,2018-02-01T13:31:42Z,,,2019-07-24T15:01:38Z,https://locix.online,https://locix.online/stats,,OK (just one single png graph),2019/7/25
BR,790,,2086,IX.br (PTT.br) S??o Lu¨ªs,,IX.br (PTT.br) S??o Lu¨ªs,S??o Lu¨ªs/MA,South America,2018-02-05T16:33:07Z,,,2019-06-17T21:15:13Z,http://ix.br/,http://ix.br/trafego/agregado/slz,,OK,2019/7/25
MM,,,2102,,,MMIX,Yangon,Asia Pacific,2018-02-26T16:50:52Z,,,,http://www.mm-ix.net,http://103.103.194.2:8300/graph_image.php?local_graph_id=41&rra_id=1,,OK (just one single png graph),2019/7/25
GU,,,2116,,,GOREX,Tumon,Asia Pacific,2018-03-09T05:13:54Z,,,,https://gorex.uog.edu,http://perfsonar.uog.edu,,Not OK (No graph),2019/7/25
ES,783,,2130,Equinix Madrid,,Equinix Madrid,Madrid,Europe,2018-03-22T13:45:50Z,,,2019-06-17T20:03:41Z,https://ix.equinix.com/home/madrid/,https://ix.equinix.com/,,Not OK (No graph),2019/7/25
PT,782,,2131,Equinix Lisbon,,Equinix Lisbon,Lisbon,Europe,2018-03-22T13:46:38Z,,,2019-06-16T21:33:22Z,https://ix.equinix.com/home/lisbon/,https://ix.equinix.com/,,Not OK (No graph),2019/7/25
RU,761,,2149,Piter-IX (Piter-IX),,PITER-IX,St.Petersburg,Europe,2018-04-02T20:32:10Z,,,2019-08-03T04:01:04Z,http://piter-ix.ru,http://lg.piter-ix.ru,,Not OK (No graph),2019/7/25
CL,,,2176,,,PIT entel,Santiago,South America,2018-04-30T19:20:42Z,,,,http://www.pitentel.cl,http://www.pitentel.cl,,Not OK (No graph),2019/7/25
US,780,,2182,Equinix Denver,,Equinix Denver,Denver,North America,2018-05-07T21:23:04Z,,,2019-06-16T21:30:34Z,https://www.equinix.com,https://ix.equinix.com,,Not OK (No graph),2019/7/25
US,781,,2183,Equinix Houston,,Equinix Houston,Houston,North America,2018-05-07T21:23:57Z,,,2019-06-16T21:32:03Z,https://www.equinix.com,https://ix.equinix.com,,Not OK (No graph),2019/7/25
US,766,,2186,Baltimore IX,,Baltimore IX,Baltimore,North America,2018-05-13T21:54:50Z,,,2019-03-27T18:40:04Z,https://baltimoreix.net,https://baltimoreix.net/stats,,Not OK (No graph),2019/7/25
AF,749,,2245,National Internet Exchange Of Afghanistan (NIXA),,NIXA,Kabul,Asia Pacific,2018-06-26T00:34:19Z,,,2019-06-19T01:05:56Z,http://www.nixa.af,http://www.nixa.af,,Not OK (ERR_CERT_COMMON_NAME_INVALID),2019/7/25
KZ,,,2250,,,KAZ-GOV-IX,Astana,Asia Pacific,2018-06-29T06:54:22Z,,,,http://sts.kz/,http://lg-ix.sts.kz/,,OK,2019/7/25
TT,799,,2272,TTIX2,,TTIX2,Princes Town,South America,2018-07-18T20:58:43Z,,,2019-06-18T23:30:13Z,https://ix.tt,https://ix.tt/statistics/,,OK (Only graphs for TTIX2 Sourthern IXP  no graphs for TTIX Northern IXP),2019/7/25
US,756,,2274,EVIX (Experimental Virtual Internet Exchange),,EVIX,Fremont,North America,2018-07-19T16:24:58Z,,,2019-08-06T10:02:26Z,https://evix.org,https://evix.org,,Not OK (No graph),2019/7/25
CO,776,,2289,Equinix Bogot¨¢,,Equinix Bogota,Bogota,South America,2018-08-02T17:59:16Z,,,2019-06-06T21:36:34Z,https://www.equinix.com,https://ix.equinix.com,,Not OK (No graph),2019/7/25
BR,788,,2291,IX.br (PTT.br) Macei¨®,,IX.br (PTT.br) Macei¨®,Macei¨®/AL,South America,2018-08-06T12:42:57Z,,,2019-06-17T21:14:14Z,http://ix.br/,http://ix.br/trafego/agregado/mcz,,OK,2019/7/25
IN,,,2341,,,REDIX Chennai,Chennai,Asia Pacific,2018-09-10T12:12:16Z,,,,https://redix.org,https://manage.redix.org,,OK (But no x and y axis labels),2019/7/25
PR,,,2353,,,Puerto Rico Internet Exchange,San Juan,North America,2018-09-19T04:23:47Z,,,,https://www.puertorico-ix.com,https://www.puertorico-ix.com/stats,,Not OK (ERR_CONNECTION_CLOSED),2019/7/25
BT,757,,2355,TTPL LAN (Bhutan Internet Exchange),,btIX,Thimphu,Asia Pacific,2018-09-22T17:01:27Z,,,2019-06-13T09:00:41Z,https://www.btix.bt,https://www.btix.bt,,OK (should click on the figure first to get more graphs),2019/7/25
CH,,,2365,,,CHIX-CH,Frauenfeld,Europe,2018-09-27T21:15:52Z,,,,https://chix.ch,https://chix.ch,,Not OK (No graph),2019/7/25
GR,753,,2386,GR-IX::Thessaloniki (Greek Internet Exchange),,GR-IX::Thessaloniki,Thessaloniki,Europe,2018-11-02T11:13:23Z,,,2019-07-31T08:02:00Z,http://www.gr-ix.gr/,http://www.gr-ix.gr/traffic/,,OK,2019/7/25
SO,754,,2410,Somali Internet Exchange Point - Mogadishu,,SoIXP,Mogadishu,Africa,2018-11-23T12:26:29Z,,,2019-06-18T12:28:53Z,http://www.soixp.so,https://portal.soixp.so/statistics/infrastructure,,OK,2019/7/25
NG,,,2415,,,IXPN Port Harcourt,Port Harcourt,Africa,2018-11-28T12:49:35Z,,,,http://www.ixp.net.ng,https://traffics.ixp.net.ng/sensor.htm?id=3304&tabid=1,,Not OK (ERR_CONNECTION_RESET),2019/7/25
CH,,,2447,,,4b42 Internet Exchange Point,Zurich,Europe,2018-12-06T12:23:38Z,,,,https://www.4ixp.com,https://www.4ixp.net,,Not OK (No graph),2019/7/25
CA,,,2452,,,UNM-Exch Canada-West,Vancouver,North America,2018-12-10T15:25:53Z,,,,http://unmetered.exchange,http://unmetered.exchange,,OK (A daily traffic graph but do not know what day it is. Maybe not updated in time),2019/7/25
TH,,,2454,,,CSL Thai-IX Malaysia,Bangkok,Asia Pacific,2018-12-11T03:18:51Z,,,,https://www.cslthai-ix.net,https://www.cslthai-ix.net,,Not OK (No graph),2019/7/25
TH,,,2494,,,CSL Thai-IX Singapore,Bangkok,Asia Pacific,2019-01-31T01:47:49Z,,,,https://www.cslthai-ix.net,https://www.cslthai-ix.net,,Not OK (No graph),2019/7/25
TH,,,2495,,,CSL Thai-IX Bangkok,Bangkok,Asia Pacific,2019-01-31T01:57:08Z,,,,https://www.cslthai-ix.net/,https://www.cslthai-ix.net,,Not OK (No graph),2019/7/25
KZ,768,,2497,KazNIX,,KazNIX,Semey,Asia Pacific,2019-02-07T12:00:09Z,,,2019-04-17T05:46:13Z,https://kaznix.kz,https://kaznix.kz,,Not OK (traffic graph available at https://kaznix.kz/ru/monitoring),2019/7/25
BD,109,,2516,BDIX - Dhaka (Bangladesh Internet Exchange),,BDIX,Dhaka,Asia Pacific,2019-02-26T05:33:18Z,,,2019-05-28T18:12:48Z,http://www.bdix.net,http://www.bdix.net/stat.htm,,Not OK (404 Page not found),2019/7/25
KR,,,2522,,,Sejong Neutral-IX,Seoul,Asia Pacific,2019-03-07T01:44:11Z,,,,https://www.sejongtelecom.net/en/pages/service/data_network_nix,https://client.sjtel.net,,Not OK (connection time out),2019/7/25
TR,767,,2527,Turk-IX,,Turk-IX,Istanbul,Europe,2019-03-12T15:27:36Z,,,2019-03-28T16:02:05Z,https://www.turk-ix.com,https://www.turk-ix.com/monitoring.html,,Not OK (graphs cannot be loaded),2019/7/25
CM,798,,2541,CAMIX Douala,,CAMIX Douala,Douala  CAMTEL BEPANDA,Africa,2019-03-25T22:07:12Z,,,2019-06-18T23:23:36Z,http://www.camix.cm,http://www.camix.cm/index.php/statistiques-de-trafic-douala,,Not OK (name not resolved),2019/7/25
US,,,2551,,,Digital Realty Chicago,Chicago,North America,2019-03-29T11:02:59Z,,,,https://ix.digitalrealty.com,https://ix.digitalrealty.com,,Not OK (No graph),2019/7/25
CM,528,,2554,CAMIX Yaounde,,CAMIX Yaounde,Yaounde,Africa,2019-04-01T20:43:37Z,,,2019-06-18T23:23:05Z,http://www.camix.cm,http://camix.cm/index.php/techniques/technologies/statistiques-de-trafic,,Not OK (name not resolved),2019/7/25
US,786,,2558,NYIIX Philadelphia,,NYIIX Philadelphia,Philadelphia,North America,2019-04-08T13:44:34Z,,,2019-06-17T18:01:58Z,https://www.nyiix.net/locations/nyiix-philadelphia/,https://www.nyiix.net/PHI-mrtg/sum.html,,OK,2019/7/25
RU,,,2568,,,TN-IX,Novokuznetsk,Asia Pacific,2019-04-22T15:54:49Z,,,,http://tn-ix.net/,http://tn-ix.net/statistics/,,OK,2019/7/25
US,,,2585,,,STLIX,Saint Louis  MO,North America,2019-05-09T01:40:13Z,,,,http://www.stlix.net,http://www.stlix.net,,Not OK (traffic graph available at http://www.stlix.net/stats.php),2019/7/25
IN,688,,2587,DE-CIX Delhi,,DE-CIX Delhi,Delhi,Asia Pacific,2019-05-14T14:20:32Z,,,2019-06-19T01:14:35Z,https://www.de-cix.in/locations/de-cix-delhi,https://www.de-cix.in/statistics,,OK,2019/7/25
IN,,,2588,,,DE-CIX Chennai,Chennai,Asia Pacific,2019-05-14T14:22:47Z,,,,https://www.de-cix.in/locations/de-cix-chennai,https://www.de-cix.in/,,Not OK (graffic graph available at https://www.de-cix.in/statistics),2019/7/25
IN,689,,2589,DE-CIX Kolkata,,DE-CIX Kolkata,Kolkata,Asia Pacific,2019-05-14T14:25:01Z,,,2019-06-19T00:43:43Z,https://www.de-cix.in/,https://www.de-cix.in/,,Not OK (graffic graph available at https://www.de-cix.in/statistics),2019/7/25
NL,774,,2601,NLocix Netherlands (Netherland Local Internet Exchange),,NLocIX,Meppel,Europe,2019-05-26T12:55:28Z,,,2019-07-25T10:02:25Z,http://www.nlocix.net,http://www.nlocix.net,,Not OK (No graph),2019/7/25
UA,402,,2611,KM-IX (Khmelnytskiy Internet Exchange),,KM-IX,Khmelnitskiy,Europe,2019-06-13T21:23:38Z,,,2019-06-13T21:30:27Z,http://ix.km.ua/,http://ix.km.ua/traffic.html,,OK (should click on the figure first to get more graphs),2019/7/25
BH,,,2631,,,Manama IX,Manama,Middle East,2019-07-11T14:01:53Z,,,,https://www.mn-ix.com,https://www.mn-ix.com/stats,,*Not OK (XML file error),2019/8/8
ES,,,2633,,,Equinix Barcelona,Barcelona,Europe,2019-07-12T09:40:26Z,,,,https://ix.equinix.com/home/barcelona/,https://ix.equinix.com/,,*Not OK (No graph),2019/8/8
